model,seed,fold,competition,n_test,mae,rmse,r2
ElasticNet,42,1,acb,189,5.640464324686935,7.128485793860399,0.15282282377147716
ElasticNet,42,1,eurocup,233,6.023978756183493,7.614553375101094,0.2075214124950575
ElasticNet,42,1,euroleague,317,5.719438447392833,7.052602550714584,0.20872438825181583
ElasticNet,42,2,acb,249,5.544318507636232,6.892379823815198,0.07707197468777893
ElasticNet,42,2,eurocup,237,6.10693530106839,7.879931164200591,0.16057761652182545
ElasticNet,42,2,euroleague,161,6.137418326542843,7.722195199080115,0.16387522872328908
ElasticNet,42,3,acb,193,5.07107662794378,6.353512666255998,0.22908937039299393
ElasticNet,42,3,eurocup,165,6.339588822149441,8.06048550348541,0.21075681628835552
ElasticNet,42,3,euroleague,164,5.730174720780818,7.10624022951416,0.19665528529817744
ElasticNet,42,4,acb,190,6.00213222453716,7.443575038916154,0.1945520462738728
ElasticNet,42,4,eurocup,166,6.041166874388133,7.751687642710312,0.11965448122427724
ElasticNet,42,4,euroleague,161,5.30708821116861,6.974027557036369,0.24281188408260213
ElasticNet,42,5,acb,340,5.3012862157071545,6.70318673941058,0.22550598503411867
ElasticNet,42,5,eurocup,163,5.620786877083231,7.0988083844662375,0.28044859971584724
ElasticNet,42,5,euroleague,333,5.280379335529141,6.7748406696659025,0.26050972299063824
GRU,42,1,acb,189,5.595605862096296,7.24137853195653,0.12577711642792744
GRU,42,1,eurocup,233,6.124352483218884,7.74155115966296,0.18086658533204858
GRU,42,1,euroleague,317,5.537606322998423,6.999433125911776,0.22061023609703168
GRU,42,2,acb,249,5.559757722108435,7.024588892533655,0.04132532650716847
GRU,42,2,eurocup,237,6.203978865109704,8.0362225954293,0.12694900064523584
GRU,42,2,euroleague,161,5.934376833527951,7.7869475386089615,0.14979425147770264
GRU,42,3,acb,193,5.309600886217616,6.726899370286753,0.13581624969928596
GRU,42,3,eurocup,165,5.899079987836363,8.056527948453363,0.21153163476471837
GRU,42,3,euroleague,164,5.610497193743902,7.33464584974382,0.1441838675206225
GRU,42,4,acb,190,6.017090163789473,7.572286795153257,0.16645615455243545
GRU,42,4,eurocup,166,5.9185560532337345,7.676285202120745,0.13669782869053615
GRU,42,4,euroleague,161,5.359963443330434,7.23608217275205,0.18483889194880865
GRU,42,5,acb,340,5.321343213735294,6.977020463688335,0.1609353529263855
GRU,42,5,eurocup,163,5.53473659003681,7.340603830650219,0.23059591541883362
GRU,42,5,euroleague,333,5.221920580807808,6.927092425164087,0.22689895409685512
GRU,123,1,acb,189,5.614602709227514,7.215578083151406,0.13199559022189022
GRU,123,1,eurocup,233,6.175185699055794,7.80548444436164,0.16728115884017858
GRU,123,1,euroleague,317,5.5325729755583595,7.013830018454867,0.2174007388972794
GRU,123,2,acb,249,5.521794564377511,6.981293997406198,0.05310617610703505
GRU,123,2,eurocup,237,6.238847783995781,8.129654637831754,0.1065301723483566
GRU,123,2,euroleague,161,5.818452076981366,7.666900017217025,0.17580658782309944
GRU,123,3,acb,193,5.361372695025907,6.722684307016005,0.13689890242371272
GRU,123,3,eurocup,165,6.000936076121212,8.185542012511497,0.18607699998276206
GRU,123,3,euroleague,164,5.495175113012195,7.2008255849852585,0.17512763419428778
GRU,123,4,acb,190,6.005781237526315,7.599641191495751,0.1604230305928268
GRU,123,4,eurocup,166,5.992963419698796,7.833042301424819,0.10107890315233448
GRU,123,4,euroleague,161,5.352019657031056,7.235329721732464,0.18500841377052424
GRU,123,5,acb,340,5.271444909258824,6.863588061979083,0.18799659598410046
GRU,123,5,eurocup,163,5.419343254177915,7.104299640560374,0.2793349566840969
GRU,123,5,euroleague,333,5.22328763224925,6.858472547100223,0.24213979072305558
GRU,2026,1,acb,189,5.5786654558730175,7.138307061275858,0.15048681988001955
GRU,2026,1,eurocup,233,6.1456837214592275,7.771612053887688,0.1744927487684117
GRU,2026,1,euroleague,317,5.553932370536277,7.050354485607196,0.20922875683682252
GRU,2026,2,acb,249,5.513922755718875,6.993347497952415,0.04983364867161233
GRU,2026,2,eurocup,237,6.211426718586498,8.114334730803145,0.10989439340358031
GRU,2026,2,euroleague,161,5.928738575780745,7.767387188716657,0.1540602195347739
GRU,2026,3,acb,193,5.337174169689119,6.768018322416271,0.1252191135882732
GRU,2026,3,eurocup,165,5.922761846703032,8.130128835714967,0.19705963171731422
GRU,2026,3,euroleague,164,5.616065698890244,7.419452884280172,0.12427865889501888
GRU,2026,4,acb,190,5.969437712810527,7.4896154164276085,0.1845574369949584
GRU,2026,4,eurocup,166,5.952578732710844,7.760885007328711,0.11756418487732789
GRU,2026,4,euroleague,161,5.324197556999999,7.199082544737195,0.1931537640359755
GRU,2026,5,acb,340,5.296170427088236,6.866252306699885,0.18736608155270473
GRU,2026,5,eurocup,163,5.446035488957056,7.20737287286734,0.258271618488357
GRU,2026,5,euroleague,333,5.164990702564564,6.815943091110694,0.25150964636822404
LSTM,42,1,acb,189,5.5550840437566125,7.200547673300067,0.1356080170199222
LSTM,42,1,eurocup,233,6.1471885650884115,7.767717164766666,0.17531997830486656
LSTM,42,1,euroleague,317,5.596618872974763,7.0658973789985255,0.20573831643224272
LSTM,42,2,acb,249,5.494610141698795,6.960841145450266,0.05864621217059296
LSTM,42,2,eurocup,237,6.3028405417468365,8.20058180000998,0.09087201132474132
LSTM,42,2,euroleague,161,5.970314137093168,7.729891949049914,0.16220765874840637
LSTM,42,3,acb,193,5.2354576563730575,6.628674521284809,0.16086927391238903
LSTM,42,3,eurocup,165,6.001511730242425,8.05543296909429,0.2117459449292085
LSTM,42,3,euroleague,164,5.567544502987805,7.258017221123639,0.16197271368519484
LSTM,42,4,acb,190,5.945722842705263,7.500345908653283,0.18221916785819525
LSTM,42,4,eurocup,166,5.968890020849397,7.750865671561966,0.11984117095816038
LSTM,42,4,euroleague,161,5.30001854347826,7.202072832798123,0.19248334423333346
LSTM,42,5,acb,340,5.262497027470589,6.859219724373846,0.18902986785124276
LSTM,42,5,eurocup,163,5.431167669693252,7.178461450448381,0.2642103737613266
LSTM,42,5,euroleague,333,5.165398239579579,6.796593173242095,0.2557534225596986
LSTM,123,1,acb,189,5.617269784814816,7.215515022732587,0.13201076197439587
LSTM,123,1,eurocup,233,6.1566042713304725,7.782736475127234,0.17212776634355087
LSTM,123,1,euroleague,317,5.528235328596214,7.003852618046292,0.21962570083182842
LSTM,123,2,acb,249,5.435161040240964,6.847077417018282,0.08916459122237419
LSTM,123,2,eurocup,237,6.180145102151899,8.077072085553006,0.11805070793221495
LSTM,123,2,euroleague,161,5.874571715031057,7.650667932127876,0.17929279879658688
LSTM,123,3,acb,193,5.269510951398963,6.669780100308205,0.1504298104251386
LSTM,123,3,eurocup,165,5.9536554269393935,8.111229116706122,0.20078840624182281
LSTM,123,3,euroleague,164,5.557066839170733,7.321285991875609,0.14729871972919106
LSTM,123,4,acb,190,5.993608811578947,7.5799762297960696,0.16476241647444234
LSTM,123,4,eurocup,166,5.98927563352771,7.820101853628623,0.10404654522248225
LSTM,123,4,euroleague,161,5.354504166645963,7.229167203668423,0.1863961215076695
LSTM,123,5,acb,340,5.2690785044999995,6.859092167373256,0.18906002986964376
LSTM,123,5,eurocup,163,5.478937138650307,7.153167042703904,0.2693865728551271
LSTM,123,5,euroleague,333,5.210422891141141,6.857967735055719,0.24225134993086472
LSTM,2026,1,acb,189,5.591118133794709,7.209554593030663,0.13344418757971188
LSTM,2026,1,eurocup,233,6.072232218549356,7.716232981877743,0.18621565617310243
LSTM,2026,1,euroleague,317,5.557609890870663,7.054938875402309,0.20820004764422206
LSTM,2026,2,acb,249,5.432145346991164,6.873247915152236,0.0821886015745672
LSTM,2026,2,eurocup,237,6.255381539957806,8.15497542462347,0.10095586652454702
LSTM,2026,2,euroleague,161,6.0010939547639754,7.715871823105885,0.16524400183789045
LSTM,2026,3,acb,193,5.385757914248704,6.745439320439692,0.13104614635324996
LSTM,2026,3,eurocup,165,5.896676883636363,8.017411494520385,0.21916946924365743
LSTM,2026,3,euroleague,164,5.578434814207316,7.30667485710655,0.15069880576688266
LSTM,2026,4,acb,190,5.989544406242106,7.536609588461388,0.17429221771617043
LSTM,2026,4,eurocup,166,6.023990447620482,7.86696919231584,0.09327512954603723
LSTM,2026,4,euroleague,161,5.3347625845795035,7.196294941548512,0.19377849133113223
LSTM,2026,5,acb,340,5.244022784117647,6.79721884418021,0.20362441889892924
LSTM,2026,5,eurocup,163,5.407684709938651,7.135044676198642,0.27308386443443633
LSTM,2026,5,euroleague,333,5.167386094294294,6.79165942923921,0.25683354880654685
Lasso,42,1,acb,189,5.639165429010765,7.126499639446748,0.15329484274663208
Lasso,42,1,eurocup,233,6.023574362920655,7.614704727823469,0.20748990835350611
Lasso,42,1,euroleague,317,5.718603412441058,7.053227368250734,0.20858417766285076
Lasso,42,2,acb,249,5.542008698934302,6.889532968782759,0.07783423670355927
Lasso,42,2,eurocup,237,6.102095266110007,7.878973142766569,0.16078171367279825
Lasso,42,2,euroleague,161,6.136954484213335,7.725492924898066,0.16316095022549992
Lasso,42,3,acb,193,5.0692226563821245,6.353091890883436,0.22919147752113767
Lasso,42,3,eurocup,165,6.336363308403835,8.057133581466628,0.21141308731516095
Lasso,42,3,euroleague,164,5.730093428282081,7.105665546829487,0.19678521325300646
Lasso,42,4,acb,190,5.997936999970503,7.441560831031952,0.19498789063904465
Lasso,42,4,eurocup,166,6.0390329674634655,7.7475772302190045,0.12058785831277963
Lasso,42,4,euroleague,161,5.300826593881483,6.971828935589298,0.24328922880229553
Lasso,42,5,acb,340,5.302501094045193,6.705713434432088,0.22492200041124
Lasso,42,5,eurocup,163,5.622478972629345,7.1008272706293365,0.2800392637094897
Lasso,42,5,euroleague,333,5.280363721295903,6.7755240028008314,0.26036054053220936
MLP_small_RLR_Huber,42,1,acb,189,5.59246402994709,7.356824223949621,0.09768032078919209
MLP_small_RLR_Huber,42,1,eurocup,233,6.097743307854078,7.8613655976536085,0.1553152493590686
MLP_small_RLR_Huber,42,1,euroleague,317,5.653795828138802,7.259327961335209,0.16165689784040704
MLP_small_RLR_Huber,42,2,acb,249,5.7391752834538154,7.3538946201484,-0.050664923075347534
MLP_small_RLR_Huber,42,2,eurocup,237,6.338518893544303,8.277251163602948,0.07379319953144448
MLP_small_RLR_Huber,42,2,euroleague,161,6.102597530931678,7.93925305662874,0.11621051693139728
MLP_small_RLR_Huber,42,3,acb,193,5.246843805025907,6.783121711616826,0.12131046630960096
MLP_small_RLR_Huber,42,3,eurocup,165,5.990749335454546,8.109390001993296,0.2011507866273179
MLP_small_RLR_Huber,42,3,euroleague,164,5.579510207743903,7.359180992506715,0.13844870567791123
MLP_small_RLR_Huber,42,4,acb,190,6.0323622882105274,7.597014549509563,0.16100329141375358
MLP_small_RLR_Huber,42,4,eurocup,166,5.965386885120482,7.818988934732253,0.10430154256033397
MLP_small_RLR_Huber,42,4,euroleague,161,5.3785030406832295,7.2742401462995145,0.17621905932349213
MLP_small_RLR_Huber,42,5,acb,340,5.266835040382352,6.978194505702656,0.1606529458341326
MLP_small_RLR_Huber,42,5,eurocup,163,5.498489665398773,7.219042349260712,0.25586780530182773
MLP_small_RLR_Huber,42,5,euroleague,333,5.164992114744744,6.8502464401534855,0.24395666770002344
MLP_small_RLR_Huber,123,1,acb,189,5.543082395873015,7.330623770914116,0.10409588436089934
MLP_small_RLR_Huber,123,1,eurocup,233,6.088349165193133,7.811847667142767,0.16592289968685003
MLP_small_RLR_Huber,123,1,euroleague,317,5.679022221104102,7.261976473954871,0.16104505957136606
MLP_small_RLR_Huber,123,2,acb,249,5.696489942008032,7.320124908209161,-0.04103759265132645
MLP_small_RLR_Huber,123,2,eurocup,237,6.282722112742617,8.227480034944499,0.08489827829750773
MLP_small_RLR_Huber,123,2,euroleague,161,5.99738865583851,7.840050064095237,0.13815887979656905
MLP_small_RLR_Huber,123,3,acb,193,5.309545167668396,6.803999271619026,0.11589315969667113
MLP_small_RLR_Huber,123,3,eurocup,165,5.89713170709091,8.030141040019027,0.21668799289007246
MLP_small_RLR_Huber,123,3,euroleague,164,5.654601170731707,7.498146223648822,0.10560372479935576
MLP_small_RLR_Huber,123,4,acb,190,5.945049703631578,7.499908741210451,0.18231449592456794
MLP_small_RLR_Huber,123,4,eurocup,166,5.920248629337349,7.762206747487403,0.11726358767156952
MLP_small_RLR_Huber,123,4,euroleague,161,5.281191744906832,7.122898542972349,0.2101402423166593
MLP_small_RLR_Huber,123,5,acb,340,5.183665819852941,6.837527932540082,0.1941510274673408
MLP_small_RLR_Huber,123,5,eurocup,163,5.5073426341104295,7.2015117861470594,0.25947748553645333
MLP_small_RLR_Huber,123,5,euroleague,333,5.175631156936937,6.8310460698755024,0.24818891492329254
MLP_small_RLR_Huber,2026,1,acb,189,5.6503186605291,7.416880037949914,0.08288841510674383
MLP_small_RLR_Huber,2026,1,eurocup,233,5.980255756008584,7.759505977046128,0.17706258124013818
MLP_small_RLR_Huber,2026,1,euroleague,317,5.6682700172870675,7.294313343755565,0.15355685617170245
MLP_small_RLR_Huber,2026,2,acb,249,5.78634601751004,7.411882392342638,-0.06729989830877225
MLP_small_RLR_Huber,2026,2,eurocup,237,6.28502778278481,8.19133114622508,0.09292193534589033
MLP_small_RLR_Huber,2026,2,euroleague,161,5.9405758813043485,7.803426221920311,0.1461920452400598
MLP_small_RLR_Huber,2026,3,acb,193,5.272791597979276,6.751140787288371,0.12957658888558055
MLP_small_RLR_Huber,2026,3,eurocup,165,5.931376260969698,7.994388261069686,0.2236475807622449
MLP_small_RLR_Huber,2026,3,euroleague,164,5.690845376646342,7.436775093319317,0.12018478933020693
MLP_small_RLR_Huber,2026,4,acb,190,6.051397755894738,7.61133369230733,0.1578375647847926
MLP_small_RLR_Huber,2026,4,eurocup,166,5.898073425240964,7.789804766318275,0.11097540564407293
MLP_small_RLR_Huber,2026,4,euroleague,161,5.426840699378882,7.339083637388819,0.1614670266203534
MLP_small_RLR_Huber,2026,5,acb,340,5.303581166147059,6.977640174509667,0.16078629200935501
MLP_small_RLR_Huber,2026,5,eurocup,163,5.576184842638036,7.3199013763142755,0.23492964379239012
MLP_small_RLR_Huber,2026,5,euroleague,333,5.183302412372371,6.81522198751066,0.251668013458471
