model,fold,feature,coefficient,abs_coefficient,feature_scale
Lasso,1,competition_acb,-0.35555739356767685,0.35555739356767685,one_hot
Lasso,1,competition_eurocup,0.015376270243470835,0.015376270243470835,one_hot
Lasso,1,competition_euroleague,0.0,0.0,one_hot
Lasso,1,3P_rate_roll10,0.1678357849460075,0.1678357849460075,standardized_numeric
Lasso,1,3P_rate_roll5,-0.6833305234770676,0.6833305234770676,standardized_numeric
Lasso,1,AST_TOV_roll10,0.04973844216062019,0.04973844216062019,standardized_numeric
Lasso,1,AST_TOV_roll5,-0.11532678358212727,0.11532678358212727,standardized_numeric
Lasso,1,AST_roll10,0.03394762844691072,0.03394762844691072,standardized_numeric
Lasso,1,AST_roll5,-0.00783374694981585,0.00783374694981585,standardized_numeric
Lasso,1,DRB_roll10,0.0,0.0,standardized_numeric
Lasso,1,DRB_roll5,-0.0,0.0,standardized_numeric
Lasso,1,FGA_roll10,-0.0432653227265388,0.0432653227265388,standardized_numeric
Lasso,1,FGA_roll5,2.140678958333889,2.140678958333889,standardized_numeric
Lasso,1,FTA_roll10,-0.4568642779270287,0.4568642779270287,standardized_numeric
Lasso,1,FTA_roll5,1.1531932651798769,1.1531932651798769,standardized_numeric
Lasso,1,FT_rate_roll10,0.21454518787621205,0.21454518787621205,standardized_numeric
Lasso,1,FT_rate_roll5,-0.5029918106071352,0.5029918106071352,standardized_numeric
Lasso,1,MP_min_roll10,-0.09124000358302983,0.09124000358302983,standardized_numeric
Lasso,1,MP_min_roll5,0.5182197978071382,0.5182197978071382,standardized_numeric
Lasso,1,ORB_roll10,0.18462399187866974,0.18462399187866974,standardized_numeric
Lasso,1,ORB_roll5,-0.1383569140528603,0.1383569140528603,standardized_numeric
Lasso,1,PF_roll10,0.2127188827767869,0.2127188827767869,standardized_numeric
Lasso,1,PF_roll5,0.07279168701080872,0.07279168701080872,standardized_numeric
Lasso,1,PIR_roll10,0.7335914449246888,0.7335914449246888,standardized_numeric
Lasso,1,PIR_roll5,2.2790970302334252,2.2790970302334252,standardized_numeric
Lasso,1,PTS_roll10,-0.11221245805509786,0.11221245805509786,standardized_numeric
Lasso,1,PTS_roll5,-2.2011233951928926,2.2011233951928926,standardized_numeric
Lasso,1,STL_roll10,0.3155160800955437,0.3155160800955437,standardized_numeric
Lasso,1,STL_roll5,-0.5555539341869065,0.5555539341869065,standardized_numeric
Lasso,1,TOV_roll10,-0.2652233740285404,0.2652233740285404,standardized_numeric
Lasso,1,TOV_roll5,0.6602710972345118,0.6602710972345118,standardized_numeric
Lasso,1,TRB_roll10,0.0,0.0,standardized_numeric
Lasso,1,TRB_roll5,-0.18200400111671475,0.18200400111671475,standardized_numeric
Lasso,1,TS_roll10,0.447679385845711,0.447679385845711,standardized_numeric
Lasso,1,TS_roll5,-0.6031823821778106,0.6031823821778106,standardized_numeric
Lasso,1,eFG_roll10,-0.04099969661540211,0.04099969661540211,standardized_numeric
Lasso,1,eFG_roll5,0.4577696331624851,0.4577696331624851,standardized_numeric
Lasso,1,rest_days_player,-0.12033795366222526,0.12033795366222526,standardized_numeric
ElasticNet,1,competition_acb,-0.32784893045521724,0.32784893045521724,one_hot
ElasticNet,1,competition_eurocup,0.05113227395311733,0.05113227395311733,one_hot
ElasticNet,1,competition_euroleague,0.02671732209724182,0.02671732209724182,one_hot
ElasticNet,1,3P_rate_roll10,0.18355276888325328,0.18355276888325328,standardized_numeric
ElasticNet,1,3P_rate_roll5,-0.7023523262541905,0.7023523262541905,standardized_numeric
ElasticNet,1,AST_TOV_roll10,0.04856981766646037,0.04856981766646037,standardized_numeric
ElasticNet,1,AST_TOV_roll5,-0.11354967260612936,0.11354967260612936,standardized_numeric
ElasticNet,1,AST_roll10,0.013706081094629655,0.013706081094629655,standardized_numeric
ElasticNet,1,AST_roll5,0.03562112151960268,0.03562112151960268,standardized_numeric
ElasticNet,1,DRB_roll10,0.122711250888844,0.122711250888844,standardized_numeric
ElasticNet,1,DRB_roll5,-0.00843843883026272,0.00843843883026272,standardized_numeric
ElasticNet,1,FGA_roll10,0.06406778736565938,0.06406778736565938,standardized_numeric
ElasticNet,1,FGA_roll5,1.9462839144454662,1.9462839144454662,standardized_numeric
ElasticNet,1,FTA_roll10,-0.46211284865786595,0.46211284865786595,standardized_numeric
ElasticNet,1,FTA_roll5,1.1494809151857108,1.1494809151857108,standardized_numeric
ElasticNet,1,FT_rate_roll10,0.21809182989059658,0.21809182989059658,standardized_numeric
ElasticNet,1,FT_rate_roll5,-0.5095989892373943,0.5095989892373943,standardized_numeric
ElasticNet,1,MP_min_roll10,-0.12277145007206855,0.12277145007206855,standardized_numeric
ElasticNet,1,MP_min_roll5,0.5537744474328384,0.5537744474328384,standardized_numeric
ElasticNet,1,ORB_roll10,0.27336671846379323,0.27336671846379323,standardized_numeric
ElasticNet,1,ORB_roll5,-0.15151870015912347,0.15151870015912347,standardized_numeric
ElasticNet,1,PF_roll10,0.23609782044021418,0.23609782044021418,standardized_numeric
ElasticNet,1,PF_roll5,0.03870216752941092,0.03870216752941092,standardized_numeric
ElasticNet,1,PIR_roll10,0.8688545611892118,0.8688545611892118,standardized_numeric
ElasticNet,1,PIR_roll5,2.0579005055353483,2.0579005055353483,standardized_numeric
ElasticNet,1,PTS_roll10,-0.29279113689874775,0.29279113689874775,standardized_numeric
ElasticNet,1,PTS_roll5,-1.8738097037688661,1.8738097037688661,standardized_numeric
ElasticNet,1,STL_roll10,0.3089084089698484,0.3089084089698484,standardized_numeric
ElasticNet,1,STL_roll5,-0.541332511817814,0.541332511817814,standardized_numeric
ElasticNet,1,TOV_roll10,-0.2556289258428561,0.2556289258428561,standardized_numeric
ElasticNet,1,TOV_roll5,0.6389775656915615,0.6389775656915615,standardized_numeric
ElasticNet,1,TRB_roll10,-0.21783241217147284,0.21783241217147284,standardized_numeric
ElasticNet,1,TRB_roll5,-0.10186105594413071,0.10186105594413071,standardized_numeric
ElasticNet,1,TS_roll10,0.48043724275716826,0.48043724275716826,standardized_numeric
ElasticNet,1,TS_roll5,-0.6375411281621156,0.6375411281621156,standardized_numeric
ElasticNet,1,eFG_roll10,-0.06889372522725122,0.06889372522725122,standardized_numeric
ElasticNet,1,eFG_roll5,0.47241156350412045,0.47241156350412045,standardized_numeric
ElasticNet,1,rest_days_player,-0.12394606107507952,0.12394606107507952,standardized_numeric
Lasso,2,competition_acb,-0.27408450275598223,0.27408450275598223,one_hot
Lasso,2,competition_eurocup,0.03611941359539064,0.03611941359539064,one_hot
Lasso,2,competition_euroleague,0.0,0.0,one_hot
Lasso,2,3P_rate_roll10,0.16333736869525492,0.16333736869525492,standardized_numeric
Lasso,2,3P_rate_roll5,-0.6573445840465931,0.6573445840465931,standardized_numeric
Lasso,2,AST_TOV_roll10,0.17980789600359579,0.17980789600359579,standardized_numeric
Lasso,2,AST_TOV_roll5,0.028356000994284838,0.028356000994284838,standardized_numeric
Lasso,2,AST_roll10,0.0,0.0,standardized_numeric
Lasso,2,AST_roll5,-0.13880459968058317,0.13880459968058317,standardized_numeric
Lasso,2,DRB_roll10,-0.06664135348811502,0.06664135348811502,standardized_numeric
Lasso,2,DRB_roll5,-0.0,0.0,standardized_numeric
Lasso,2,FGA_roll10,0.015138185319313874,0.015138185319313874,standardized_numeric
Lasso,2,FGA_roll5,2.175902635937911,2.175902635937911,standardized_numeric
Lasso,2,FTA_roll10,-0.43310015792958884,0.43310015792958884,standardized_numeric
Lasso,2,FTA_roll5,1.193470545274045,1.193470545274045,standardized_numeric
Lasso,2,FT_rate_roll10,0.2008640631899965,0.2008640631899965,standardized_numeric
Lasso,2,FT_rate_roll5,-0.5198116720830946,0.5198116720830946,standardized_numeric
Lasso,2,MP_min_roll10,-0.10483954978729615,0.10483954978729615,standardized_numeric
Lasso,2,MP_min_roll5,0.5640751430830504,0.5640751430830504,standardized_numeric
Lasso,2,ORB_roll10,0.15541787045729002,0.15541787045729002,standardized_numeric
Lasso,2,ORB_roll5,-0.06095917855530006,0.06095917855530006,standardized_numeric
Lasso,2,PF_roll10,0.22010247130103708,0.22010247130103708,standardized_numeric
Lasso,2,PF_roll5,0.08541053252239039,0.08541053252239039,standardized_numeric
Lasso,2,PIR_roll10,0.9039262890206001,0.9039262890206001,standardized_numeric
Lasso,2,PIR_roll5,2.164606505634888,2.164606505634888,standardized_numeric
Lasso,2,PTS_roll10,-0.2352946078000051,0.2352946078000051,standardized_numeric
Lasso,2,PTS_roll5,-2.379059769023702,2.379059769023702,standardized_numeric
Lasso,2,STL_roll10,0.215493141609955,0.215493141609955,standardized_numeric
Lasso,2,STL_roll5,-0.4795826555074894,0.4795826555074894,standardized_numeric
Lasso,2,TOV_roll10,-0.23815725050231415,0.23815725050231415,standardized_numeric
Lasso,2,TOV_roll5,0.7341294786150417,0.7341294786150417,standardized_numeric
Lasso,2,TRB_roll10,-0.0,0.0,standardized_numeric
Lasso,2,TRB_roll5,-0.15478779070860973,0.15478779070860973,standardized_numeric
Lasso,2,TS_roll10,0.47477529005999214,0.47477529005999214,standardized_numeric
Lasso,2,TS_roll5,-0.497567792206911,0.497567792206911,standardized_numeric
Lasso,2,eFG_roll10,-0.07729491346175797,0.07729491346175797,standardized_numeric
Lasso,2,eFG_roll5,0.41781019644011475,0.41781019644011475,standardized_numeric
Lasso,2,rest_days_player,-0.0932978907244811,0.0932978907244811,standardized_numeric
ElasticNet,2,competition_acb,-0.27418891558253167,0.27418891558253167,one_hot
ElasticNet,2,competition_eurocup,0.044178340083084314,0.044178340083084314,one_hot
ElasticNet,2,competition_euroleague,0.0,0.0,one_hot
ElasticNet,2,3P_rate_roll10,0.19016614232536413,0.19016614232536413,standardized_numeric
ElasticNet,2,3P_rate_roll5,-0.683091702688163,0.683091702688163,standardized_numeric
ElasticNet,2,AST_TOV_roll10,0.17266871391948133,0.17266871391948133,standardized_numeric
ElasticNet,2,AST_TOV_roll5,0.039007117159711585,0.039007117159711585,standardized_numeric
ElasticNet,2,AST_roll10,-0.059152766545232646,0.059152766545232646,standardized_numeric
ElasticNet,2,AST_roll5,-0.07394772006137856,0.07394772006137856,standardized_numeric
ElasticNet,2,DRB_roll10,-0.08669422552347923,0.08669422552347923,standardized_numeric
ElasticNet,2,DRB_roll5,-0.0,0.0,standardized_numeric
ElasticNet,2,FGA_roll10,0.32711174068631477,0.32711174068631477,standardized_numeric
ElasticNet,2,FGA_roll5,1.8571848610305477,1.8571848610305477,standardized_numeric
ElasticNet,2,FTA_roll10,-0.4321002665645955,0.4321002665645955,standardized_numeric
ElasticNet,2,FTA_roll5,1.1842031428002981,1.1842031428002981,standardized_numeric
ElasticNet,2,FT_rate_roll10,0.21706795386277844,0.21706795386277844,standardized_numeric
ElasticNet,2,FT_rate_roll5,-0.5329792579761341,0.5329792579761341,standardized_numeric
ElasticNet,2,MP_min_roll10,-0.16399852675902835,0.16399852675902835,standardized_numeric
ElasticNet,2,MP_min_roll5,0.6213198616927654,0.6213198616927654,standardized_numeric
ElasticNet,2,ORB_roll10,0.16512714559678407,0.16512714559678407,standardized_numeric
ElasticNet,2,ORB_roll5,-0.07808109910669261,0.07808109910669261,standardized_numeric
ElasticNet,2,PF_roll10,0.2645032294412461,0.2645032294412461,standardized_numeric
ElasticNet,2,PF_roll5,0.03785226398185729,0.03785226398185729,standardized_numeric
ElasticNet,2,PIR_roll10,1.175253358281855,1.175253358281855,standardized_numeric
ElasticNet,2,PIR_roll5,1.851950751463725,1.851950751463725,standardized_numeric
ElasticNet,2,PTS_roll10,-0.6812978692633995,0.6812978692633995,standardized_numeric
ElasticNet,2,PTS_roll5,-1.8866218769931775,1.8866218769931775,standardized_numeric
ElasticNet,2,STL_roll10,0.20051058032847782,0.20051058032847782,standardized_numeric
ElasticNet,2,STL_roll5,-0.46107468859301703,0.46107468859301703,standardized_numeric
ElasticNet,2,TOV_roll10,-0.2174693139527077,0.2174693139527077,standardized_numeric
ElasticNet,2,TOV_roll5,0.7052644265393311,0.7052644265393311,standardized_numeric
ElasticNet,2,TRB_roll10,-0.0725699133862898,0.0725699133862898,standardized_numeric
ElasticNet,2,TRB_roll5,-0.044879943539164704,0.044879943539164704,standardized_numeric
ElasticNet,2,TS_roll10,0.5208806627293011,0.5208806627293011,standardized_numeric
ElasticNet,2,TS_roll5,-0.5425168973072665,0.5425168973072665,standardized_numeric
ElasticNet,2,eFG_roll10,-0.09503238297588212,0.09503238297588212,standardized_numeric
ElasticNet,2,eFG_roll5,0.430555482125531,0.430555482125531,standardized_numeric
ElasticNet,2,rest_days_player,-0.09570606090835153,0.09570606090835153,standardized_numeric
Lasso,3,competition_acb,-0.25688688234237844,0.25688688234237844,one_hot
Lasso,3,competition_eurocup,0.05329777776053825,0.05329777776053825,one_hot
Lasso,3,competition_euroleague,0.0,0.0,one_hot
Lasso,3,3P_rate_roll10,0.16207917456561233,0.16207917456561233,standardized_numeric
Lasso,3,3P_rate_roll5,-0.5513855549072438,0.5513855549072438,standardized_numeric
Lasso,3,AST_TOV_roll10,0.05992497978092017,0.05992497978092017,standardized_numeric
Lasso,3,AST_TOV_roll5,0.11644095396863886,0.11644095396863886,standardized_numeric
Lasso,3,AST_roll10,0.06995759369550762,0.06995759369550762,standardized_numeric
Lasso,3,AST_roll5,-0.2814268486991394,0.2814268486991394,standardized_numeric
Lasso,3,DRB_roll10,-0.0,0.0,standardized_numeric
Lasso,3,DRB_roll5,-0.0,0.0,standardized_numeric
Lasso,3,FGA_roll10,0.07788758235251164,0.07788758235251164,standardized_numeric
Lasso,3,FGA_roll5,2.232065296133152,2.232065296133152,standardized_numeric
Lasso,3,FTA_roll10,-0.32104656235185564,0.32104656235185564,standardized_numeric
Lasso,3,FTA_roll5,1.0592698355211874,1.0592698355211874,standardized_numeric
Lasso,3,FT_rate_roll10,0.14445995401158288,0.14445995401158288,standardized_numeric
Lasso,3,FT_rate_roll5,-0.371781898715779,0.371781898715779,standardized_numeric
Lasso,3,MP_min_roll10,-0.1589132943062648,0.1589132943062648,standardized_numeric
Lasso,3,MP_min_roll5,0.49888930528203657,0.49888930528203657,standardized_numeric
Lasso,3,ORB_roll10,0.18283744306005514,0.18283744306005514,standardized_numeric
Lasso,3,ORB_roll5,-0.0606686380667184,0.0606686380667184,standardized_numeric
Lasso,3,PF_roll10,0.1460096368377793,0.1460096368377793,standardized_numeric
Lasso,3,PF_roll5,0.16208512727432756,0.16208512727432756,standardized_numeric
Lasso,3,PIR_roll10,0.9773105727745494,0.9773105727745494,standardized_numeric
Lasso,3,PIR_roll5,2.188697496629059,2.188697496629059,standardized_numeric
Lasso,3,PTS_roll10,-0.4263373055671283,0.4263373055671283,standardized_numeric
Lasso,3,PTS_roll5,-2.381279424900737,2.381279424900737,standardized_numeric
Lasso,3,STL_roll10,0.18968814542826123,0.18968814542826123,standardized_numeric
Lasso,3,STL_roll5,-0.42403577365122963,0.42403577365122963,standardized_numeric
Lasso,3,TOV_roll10,-0.16595371081324212,0.16595371081324212,standardized_numeric
Lasso,3,TOV_roll5,0.7353016494677388,0.7353016494677388,standardized_numeric
Lasso,3,TRB_roll10,0.0,0.0,standardized_numeric
Lasso,3,TRB_roll5,-0.21685173045803632,0.21685173045803632,standardized_numeric
Lasso,3,TS_roll10,0.5042680862136271,0.5042680862136271,standardized_numeric
Lasso,3,TS_roll5,-0.41339505491996625,0.41339505491996625,standardized_numeric
Lasso,3,eFG_roll10,-0.09732236788458176,0.09732236788458176,standardized_numeric
Lasso,3,eFG_roll5,0.34160713935039405,0.34160713935039405,standardized_numeric
Lasso,3,rest_days_player,-0.10479540581743498,0.10479540581743498,standardized_numeric
ElasticNet,3,competition_acb,-0.2579192986681441,0.2579192986681441,one_hot
ElasticNet,3,competition_eurocup,0.06056328667529785,0.06056328667529785,one_hot
ElasticNet,3,competition_euroleague,0.0,0.0,one_hot
ElasticNet,3,3P_rate_roll10,0.18743860578794008,0.18743860578794008,standardized_numeric
ElasticNet,3,3P_rate_roll5,-0.5773871533748088,0.5773871533748088,standardized_numeric
ElasticNet,3,AST_TOV_roll10,0.05365300111915556,0.05365300111915556,standardized_numeric
ElasticNet,3,AST_TOV_roll5,0.125888327263389,0.125888327263389,standardized_numeric
ElasticNet,3,AST_roll10,0.024722748807622597,0.024722748807622597,standardized_numeric
ElasticNet,3,AST_roll5,-0.22039249859976112,0.22039249859976112,standardized_numeric
ElasticNet,3,DRB_roll10,-0.047586910936457005,0.047586910936457005,standardized_numeric
ElasticNet,3,DRB_roll5,-0.02632974145649291,0.02632974145649291,standardized_numeric
ElasticNet,3,FGA_roll10,0.3557660763971531,0.3557660763971531,standardized_numeric
ElasticNet,3,FGA_roll5,1.9220806796224372,1.9220806796224372,standardized_numeric
ElasticNet,3,FTA_roll10,-0.3252288723768351,0.3252288723768351,standardized_numeric
ElasticNet,3,FTA_roll5,1.054221397335947,1.054221397335947,standardized_numeric
ElasticNet,3,FT_rate_roll10,0.1611032477513048,0.1611032477513048,standardized_numeric
ElasticNet,3,FT_rate_roll5,-0.3865114409306849,0.3865114409306849,standardized_numeric
ElasticNet,3,MP_min_roll10,-0.22263159988123907,0.22263159988123907,standardized_numeric
ElasticNet,3,MP_min_roll5,0.559878259858481,0.559878259858481,standardized_numeric
ElasticNet,3,ORB_roll10,0.16566941391141776,0.16566941391141776,standardized_numeric
ElasticNet,3,ORB_roll5,-0.08831783762579444,0.08831783762579444,standardized_numeric
ElasticNet,3,PF_roll10,0.1840516404670523,0.1840516404670523,standardized_numeric
ElasticNet,3,PF_roll5,0.11664083630239327,0.11664083630239327,standardized_numeric
ElasticNet,3,PIR_roll10,1.2016928596518122,1.2016928596518122,standardized_numeric
ElasticNet,3,PIR_roll5,1.8941242738271484,1.8941242738271484,standardized_numeric
ElasticNet,3,PTS_roll10,-0.8065740357307944,0.8065740357307944,standardized_numeric
ElasticNet,3,PTS_roll5,-1.911372095188421,1.911372095188421,standardized_numeric
ElasticNet,3,STL_roll10,0.1786120263317083,0.1786120263317083,standardized_numeric
ElasticNet,3,STL_roll5,-0.4066838787503936,0.4066838787503936,standardized_numeric
ElasticNet,3,TOV_roll10,-0.14994220698845012,0.14994220698845012,standardized_numeric
ElasticNet,3,TOV_roll5,0.7073908837270935,0.7073908837270935,standardized_numeric
ElasticNet,3,TRB_roll10,-0.0,0.0,standardized_numeric
ElasticNet,3,TRB_roll5,-0.08483698134095287,0.08483698134095287,standardized_numeric
ElasticNet,3,TS_roll10,0.5525005169703144,0.5525005169703144,standardized_numeric
ElasticNet,3,TS_roll5,-0.46225934264668606,0.46225934264668606,standardized_numeric
ElasticNet,3,eFG_roll10,-0.12011557296784672,0.12011557296784672,standardized_numeric
ElasticNet,3,eFG_roll5,0.35810566001436106,0.35810566001436106,standardized_numeric
ElasticNet,3,rest_days_player,-0.10726245128407641,0.10726245128407641,standardized_numeric
Lasso,4,competition_acb,-0.18888602201944787,0.18888602201944787,one_hot
Lasso,4,competition_eurocup,-0.0,0.0,one_hot
Lasso,4,competition_euroleague,0.004045145552125087,0.004045145552125087,one_hot
Lasso,4,3P_rate_roll10,0.1854905764650535,0.1854905764650535,standardized_numeric
Lasso,4,3P_rate_roll5,-0.49343818109453386,0.49343818109453386,standardized_numeric
Lasso,4,AST_TOV_roll10,0.07781659527480951,0.07781659527480951,standardized_numeric
Lasso,4,AST_TOV_roll5,0.1247651783978928,0.1247651783978928,standardized_numeric
Lasso,4,AST_roll10,-0.005333283053036623,0.005333283053036623,standardized_numeric
Lasso,4,AST_roll5,-0.28338876597865525,0.28338876597865525,standardized_numeric
Lasso,4,DRB_roll10,0.0,0.0,standardized_numeric
Lasso,4,DRB_roll5,-0.0,0.0,standardized_numeric
Lasso,4,FGA_roll10,-0.0,0.0,standardized_numeric
Lasso,4,FGA_roll5,2.277472558026334,2.277472558026334,standardized_numeric
Lasso,4,FTA_roll10,-0.3702855736180971,0.3702855736180971,standardized_numeric
Lasso,4,FTA_roll5,1.0847829338971493,1.0847829338971493,standardized_numeric
Lasso,4,FT_rate_roll10,0.1858275214190557,0.1858275214190557,standardized_numeric
Lasso,4,FT_rate_roll5,-0.3731997073311467,0.3731997073311467,standardized_numeric
Lasso,4,MP_min_roll10,-0.20823973908938756,0.20823973908938756,standardized_numeric
Lasso,4,MP_min_roll5,0.4882836974381997,0.4882836974381997,standardized_numeric
Lasso,4,ORB_roll10,0.13401794617028664,0.13401794617028664,standardized_numeric
Lasso,4,ORB_roll5,-0.03149972943593508,0.03149972943593508,standardized_numeric
Lasso,4,PF_roll10,0.0850294828523181,0.0850294828523181,standardized_numeric
Lasso,4,PF_roll5,0.21680464060935975,0.21680464060935975,standardized_numeric
Lasso,4,PIR_roll10,1.1727248486631188,1.1727248486631188,standardized_numeric
Lasso,4,PIR_roll5,2.21255781316424,2.21255781316424,standardized_numeric
Lasso,4,PTS_roll10,-0.3707652926029554,0.3707652926029554,standardized_numeric
Lasso,4,PTS_roll5,-2.5077888328345543,2.5077888328345543,standardized_numeric
Lasso,4,STL_roll10,0.22650764210710123,0.22650764210710123,standardized_numeric
Lasso,4,STL_roll5,-0.4503940320963852,0.4503940320963852,standardized_numeric
Lasso,4,TOV_roll10,-0.10706043182829476,0.10706043182829476,standardized_numeric
Lasso,4,TOV_roll5,0.7603928962130865,0.7603928962130865,standardized_numeric
Lasso,4,TRB_roll10,0.08729087774726359,0.08729087774726359,standardized_numeric
Lasso,4,TRB_roll5,-0.29836729586561467,0.29836729586561467,standardized_numeric
Lasso,4,TS_roll10,0.4488566173396324,0.4488566173396324,standardized_numeric
Lasso,4,TS_roll5,-0.4125207382177847,0.4125207382177847,standardized_numeric
Lasso,4,eFG_roll10,-0.15760197067849865,0.15760197067849865,standardized_numeric
Lasso,4,eFG_roll5,0.368678392308971,0.368678392308971,standardized_numeric
Lasso,4,rest_days_player,-0.12594591007204525,0.12594591007204525,standardized_numeric
ElasticNet,4,competition_acb,-0.1886541388018438,0.1886541388018438,one_hot
ElasticNet,4,competition_eurocup,0.0,0.0,one_hot
ElasticNet,4,competition_euroleague,0.013268780220930343,0.013268780220930343,one_hot
ElasticNet,4,3P_rate_roll10,0.20882113510403744,0.20882113510403744,standardized_numeric
ElasticNet,4,3P_rate_roll5,-0.5195893478235826,0.5195893478235826,standardized_numeric
ElasticNet,4,AST_TOV_roll10,0.08106673176148568,0.08106673176148568,standardized_numeric
ElasticNet,4,AST_TOV_roll5,0.13279659167090302,0.13279659167090302,standardized_numeric
ElasticNet,4,AST_roll10,-0.06572603884843126,0.06572603884843126,standardized_numeric
ElasticNet,4,AST_roll5,-0.20956128229211732,0.20956128229211732,standardized_numeric
ElasticNet,4,DRB_roll10,0.0,0.0,standardized_numeric
ElasticNet,4,DRB_roll5,-0.06669761643111284,0.06669761643111284,standardized_numeric
ElasticNet,4,FGA_roll10,0.21488190009707386,0.21488190009707386,standardized_numeric
ElasticNet,4,FGA_roll5,1.9867593929508836,1.9867593929508836,standardized_numeric
ElasticNet,4,FTA_roll10,-0.37410119467193825,0.37410119467193825,standardized_numeric
ElasticNet,4,FTA_roll5,1.0785605055086689,1.0785605055086689,standardized_numeric
ElasticNet,4,FT_rate_roll10,0.1970867333456798,0.1970867333456798,standardized_numeric
ElasticNet,4,FT_rate_roll5,-0.3852289059058514,0.3852289059058514,standardized_numeric
ElasticNet,4,MP_min_roll10,-0.2598951112715152,0.2598951112715152,standardized_numeric
ElasticNet,4,MP_min_roll5,0.5407698873304126,0.5407698873304126,standardized_numeric
ElasticNet,4,ORB_roll10,0.14181237999170468,0.14181237999170468,standardized_numeric
ElasticNet,4,ORB_roll5,-0.08071475757659252,0.08071475757659252,standardized_numeric
ElasticNet,4,PF_roll10,0.1181752208184113,0.1181752208184113,standardized_numeric
ElasticNet,4,PF_roll5,0.1712325745293334,0.1712325745293334,standardized_numeric
ElasticNet,4,PIR_roll10,1.3719263032481945,1.3719263032481945,standardized_numeric
ElasticNet,4,PIR_roll5,1.9132323895046361,1.9132323895046361,standardized_numeric
ElasticNet,4,PTS_roll10,-0.6831041816083601,0.6831041816083601,standardized_numeric
ElasticNet,4,PTS_roll5,-2.046048451609427,2.046048451609427,standardized_numeric
ElasticNet,4,STL_roll10,0.22085519025626157,0.22085519025626157,standardized_numeric
ElasticNet,4,STL_roll5,-0.4332641841953884,0.4332641841953884,standardized_numeric
ElasticNet,4,TOV_roll10,-0.08646489683936294,0.08646489683936294,standardized_numeric
ElasticNet,4,TOV_roll5,0.7293592266137585,0.7293592266137585,standardized_numeric
ElasticNet,4,TRB_roll10,0.03260515333587403,0.03260515333587403,standardized_numeric
ElasticNet,4,TRB_roll5,-0.11011638364374553,0.11011638364374553,standardized_numeric
ElasticNet,4,TS_roll10,0.49351455724288895,0.49351455724288895,standardized_numeric
ElasticNet,4,TS_roll5,-0.45914764189148877,0.45914764189148877,standardized_numeric
ElasticNet,4,eFG_roll10,-0.18733521609414414,0.18733521609414414,standardized_numeric
ElasticNet,4,eFG_roll5,0.3865234905337235,0.3865234905337235,standardized_numeric
ElasticNet,4,rest_days_player,-0.1260614525396282,0.1260614525396282,standardized_numeric
Lasso,5,competition_acb,-0.10450738338861855,0.10450738338861855,one_hot
Lasso,5,competition_eurocup,-0.0,0.0,one_hot
Lasso,5,competition_euroleague,0.11919964189145885,0.11919964189145885,one_hot
Lasso,5,3P_rate_roll10,0.0993303743534124,0.0993303743534124,standardized_numeric
Lasso,5,3P_rate_roll5,-0.4731945856659798,0.4731945856659798,standardized_numeric
Lasso,5,AST_TOV_roll10,0.058865841865669406,0.058865841865669406,standardized_numeric
Lasso,5,AST_TOV_roll5,0.12395893822392419,0.12395893822392419,standardized_numeric
Lasso,5,AST_roll10,-0.01674415197395237,0.01674415197395237,standardized_numeric
Lasso,5,AST_roll5,-0.25465577448164295,0.25465577448164295,standardized_numeric
Lasso,5,DRB_roll10,0.07499599226195966,0.07499599226195966,standardized_numeric
Lasso,5,DRB_roll5,-0.0,0.0,standardized_numeric
Lasso,5,FGA_roll10,-0.14120499964880565,0.14120499964880565,standardized_numeric
Lasso,5,FGA_roll5,2.3636611520506836,2.3636611520506836,standardized_numeric
Lasso,5,FTA_roll10,-0.34475223439781144,0.34475223439781144,standardized_numeric
Lasso,5,FTA_roll5,1.1516201951728127,1.1516201951728127,standardized_numeric
Lasso,5,FT_rate_roll10,0.14164640211078772,0.14164640211078772,standardized_numeric
Lasso,5,FT_rate_roll5,-0.4256341614197938,0.4256341614197938,standardized_numeric
Lasso,5,MP_min_roll10,-0.06183856578467933,0.06183856578467933,standardized_numeric
Lasso,5,MP_min_roll5,0.3751013166756604,0.3751013166756604,standardized_numeric
Lasso,5,ORB_roll10,0.1549438314325985,0.1549438314325985,standardized_numeric
Lasso,5,ORB_roll5,-0.025110260127274808,0.025110260127274808,standardized_numeric
Lasso,5,PF_roll10,0.08420287953680534,0.08420287953680534,standardized_numeric
Lasso,5,PF_roll5,0.17271300632406425,0.17271300632406425,standardized_numeric
Lasso,5,PIR_roll10,1.19021564975433,1.19021564975433,standardized_numeric
Lasso,5,PIR_roll5,2.071675271999897,2.071675271999897,standardized_numeric
Lasso,5,PTS_roll10,-0.3705039423924119,0.3705039423924119,standardized_numeric
Lasso,5,PTS_roll5,-2.520149605744794,2.520149605744794,standardized_numeric
Lasso,5,STL_roll10,0.1835635490893386,0.1835635490893386,standardized_numeric
Lasso,5,STL_roll5,-0.3964136485261405,0.3964136485261405,standardized_numeric
Lasso,5,TOV_roll10,-0.1076903378186962,0.1076903378186962,standardized_numeric
Lasso,5,TOV_roll5,0.8116453337230288,0.8116453337230288,standardized_numeric
Lasso,5,TRB_roll10,0.0,0.0,standardized_numeric
Lasso,5,TRB_roll5,-0.2452726458810683,0.2452726458810683,standardized_numeric
Lasso,5,TS_roll10,0.31621267353062427,0.31621267353062427,standardized_numeric
Lasso,5,TS_roll5,-0.24026172096638085,0.24026172096638085,standardized_numeric
Lasso,5,eFG_roll10,-0.02679999058723512,0.02679999058723512,standardized_numeric
Lasso,5,eFG_roll5,0.2025950820234434,0.2025950820234434,standardized_numeric
Lasso,5,rest_days_player,-0.13673490565456325,0.13673490565456325,standardized_numeric
ElasticNet,5,competition_acb,-0.10588277361635022,0.10588277361635022,one_hot
ElasticNet,5,competition_eurocup,-0.0,0.0,one_hot
ElasticNet,5,competition_euroleague,0.1269223518538435,0.1269223518538435,one_hot
ElasticNet,5,3P_rate_roll10,0.11977685727588186,0.11977685727588186,standardized_numeric
ElasticNet,5,3P_rate_roll5,-0.49833141540460835,0.49833141540460835,standardized_numeric
ElasticNet,5,AST_TOV_roll10,0.06285171967809802,0.06285171967809802,standardized_numeric
ElasticNet,5,AST_TOV_roll5,0.13186030449518554,0.13186030449518554,standardized_numeric
ElasticNet,5,AST_roll10,-0.0597240778967936,0.0597240778967936,standardized_numeric
ElasticNet,5,AST_roll5,-0.19167208139371655,0.19167208139371655,standardized_numeric
ElasticNet,5,DRB_roll10,0.07607381445481491,0.07607381445481491,standardized_numeric
ElasticNet,5,DRB_roll5,-0.053561981245850106,0.053561981245850106,standardized_numeric
ElasticNet,5,FGA_roll10,-0.0,0.0,standardized_numeric
ElasticNet,5,FGA_roll5,2.111786949421235,2.111786949421235,standardized_numeric
ElasticNet,5,FTA_roll10,-0.3502558157738831,0.3502558157738831,standardized_numeric
ElasticNet,5,FTA_roll5,1.1457100636475455,1.1457100636475455,standardized_numeric
ElasticNet,5,FT_rate_roll10,0.1468555004903338,0.1468555004903338,standardized_numeric
ElasticNet,5,FT_rate_roll5,-0.43346103912279554,0.43346103912279554,standardized_numeric
ElasticNet,5,MP_min_roll10,-0.10874941402186478,0.10874941402186478,standardized_numeric
ElasticNet,5,MP_min_roll5,0.4247682606978485,0.4247682606978485,standardized_numeric
ElasticNet,5,ORB_roll10,0.16014239632809943,0.16014239632809943,standardized_numeric
ElasticNet,5,ORB_roll5,-0.06408830780753944,0.06408830780753944,standardized_numeric
ElasticNet,5,PF_roll10,0.10882671459645735,0.10882671459645735,standardized_numeric
ElasticNet,5,PF_roll5,0.1323491251325266,0.1323491251325266,standardized_numeric
ElasticNet,5,PIR_roll10,1.329748732168697,1.329748732168697,standardized_numeric
ElasticNet,5,PIR_roll5,1.8101181124872285,1.8101181124872285,standardized_numeric
ElasticNet,5,PTS_roll10,-0.5780856227655542,0.5780856227655542,standardized_numeric
ElasticNet,5,PTS_roll5,-2.1162147947044194,2.1162147947044194,standardized_numeric
ElasticNet,5,STL_roll10,0.18347289697393274,0.18347289697393274,standardized_numeric
ElasticNet,5,STL_roll5,-0.38274836134804896,0.38274836134804896,standardized_numeric
ElasticNet,5,TOV_roll10,-0.09178694289397683,0.09178694289397683,standardized_numeric
ElasticNet,5,TOV_roll5,0.7838088558711288,0.7838088558711288,standardized_numeric
ElasticNet,5,TRB_roll10,-0.02939076712835143,0.02939076712835143,standardized_numeric
ElasticNet,5,TRB_roll5,-0.09241342133147579,0.09241342133147579,standardized_numeric
ElasticNet,5,TS_roll10,0.36900091998075385,0.36900091998075385,standardized_numeric
ElasticNet,5,TS_roll5,-0.2970600816535486,0.2970600816535486,standardized_numeric
ElasticNet,5,eFG_roll10,-0.07181043045511035,0.07181043045511035,standardized_numeric
ElasticNet,5,eFG_roll5,0.2326348842223456,0.2326348842223456,standardized_numeric
ElasticNet,5,rest_days_player,-0.13739606976368032,0.13739606976368032,standardized_numeric
