competition,player_id,appearances
acb,abalde alberto||acb,12
acb,abromaitis tim||acb,17
acb,agbelese danny||acb,17
acb,aguilar pablo||acb,13
acb,akognon josh||acb,1
acb,albicy andrew||acb,17
acb,allen rosco||acb,17
acb,alocen carlos||acb,3
acb,anosike oderah||acb,17
acb,arteaga victor||acb,17
acb,augustine james||acb,17
acb,ayon gustavo||acb,7
acb,azpeitia asier||acb,2
acb,bachynski jordan||acb,1
acb,baez eulis||acb,16
acb,balcerowski a.||acb,1
acb,balcerowski olek||acb,3
acb,balvin ondrej||acb,17
acb,barreiro j.||acb,17
acb,barrera alex||acb,17
acb,bassas ferran||acb,14
acb,beaubois rodrigue||acb,16
acb,beiran javier||acb,15
acb,bellas tomas||acb,17
acb,bendzius eimantas||acb,17
acb,benite vitor||acb,17
acb,beraza xabier||acb,1
acb,beraza xabi||acb,4
acb,birgander simon||acb,16
acb,blanco saul||acb,11
acb,blazic jaka||acb,17
acb,blums janis||acb,17
acb,bonde sturup mads||acb,6
acb,boungou-colo n.||acb,9
acb,brizuela dario||acb,17
acb,brooks jeff||acb,17
acb,brown alec||acb,17
acb,brussino nico||acb,3
acb,busquets pep||acb,2
acb,campazzo facu||acb,17
acb,caner-medleyn.||acb,15
acb,carroll jaycee||acb,16
acb,causeur fabien||acb,16
acb,chery kenny||acb,17
acb,clark daniel||acb,17
acb,claver victor||acb,11
acb,colom guillem||acb,17
acb,cook omar||acb,17
acb,copeland chris||acb,7
acb,corbacho a.||acb,17
acb,cruz francisco||acb,17
acb,cruz ivan||acb,17
acb,cvetkovic a.||acb,16
acb,de jong nicolas||acb,17
acb,delfino carlos||acb,4
acb,delia marcos||acb,17
acb,diagne atoumane||acb,4
acb,diagne moussa||acb,16
acb,diaz alberto||acb,17
acb,diez daniel||acb,14
acb,dimitrijevic n.||acb,17
acb,diop ilimane||acb,13
acb,doncic luka||acb,16
acb,doornekamp a.||acb,17
acb,dos anjos felipe||acb,7
acb,dragovic nikola||acb,17
acb,draper dontaye||acb,9
acb,dubljevic bojan||acb,14
acb,ehigiator osas||acb,1
acb,eriksson marcus||acb,16
acb,eyenga c.||acb,17
acb,fakuade michael||acb,17
acb,faverani v.||acb,2
acb,fernandez jaime||acb,17
acb,fernandez rudy||acb,13
acb,ferrando luis||acb,3
acb,fischer luke||acb,17
acb,fischer ricardo||acb,16
acb,fisher corey||acb,17
acb,franch josep||acb,17
acb,gacic sandro||acb,1
acb,gailius deividas||acb,17
acb,garcia marc||acb,6
acb,garcia sergi||acb,11
acb,garino patricio||acb,8
acb,garuba usman||acb,1
acb,gielo tomasz||acb,17
acb,gladness mickell||acb,16
acb,golubovic v.||acb,17
acb,gomez rodrigo||acb,6
acb,gonzalez jose m.||acb,15
acb,gonzalez miguel||acb,3
acb,granger jayson||acb,17
acb,green erick||acb,16
acb,gudul omari||acb,14
acb,hakanson ludde||acb,17
acb,hammink shane||acb,17
acb,hanga adam||acb,17
acb,hannah clevin||acb,17
acb,hervelle axel||acb,17
acb,heurtel thomas||acb,16
acb,hlinason t.||acb,16
acb,huertas m.||acb,17
acb,huskic goran||acb,17
acb,jankovic vladimir||acb,15
acb,janning matt||acb,16
acb,jelinek david||acb,17
acb,jenkins john||acb,10
acb,jones kevin||acb,8
acb,jordan jerome||acb,17
acb,karnowski przemek||acb,13
acb,kelly ryan||acb,17
acb,kempton tim||acb,7
acb,kljajic jovan||acb,2
acb,kloof charlon||acb,17
acb,koponen petteri||acb,17
acb,kulvietis saulius||acb,16
acb,kurucs rodions||acb,3
acb,kuzmic ognjen||acb,4
acb,laksa martins||acb,17
acb,landesberg sylven||acb,16
acb,llompart pedro||acb,7
acb,llorca alex||acb,16
acb,llorente sergio||acb,17
acb,llovet nacho||acb,17
acb,lopez alex||acb,17
acb,lopez javi||acb,3
acb,lopez-arostegui x||acb,15
acb,lukovic marko||acb,17
acb,maciulis jonas||acb,11
acb,malmanis rinalds||acb,7
acb,maric nikola||acb,2
acb,martin alberto||acb,13
acb,martinez edu||acb,17
acb,martinez emilio||acb,3
acb,martinez ivan||acb,13
acb,martinez rafa||acb,17
acb,mavra dominik||acb,5
acb,mazalin lovro||acb,15
acb,mccalebb bo||acb,6
acb,mccallum ray||acb,17
acb,mcgrath donnie||acb,14
acb,mckissic s.||acb,10
acb,mcrae jordan||acb,1
acb,mekel gal||acb,17
acb,mendia borja||acb,9
acb,michalak michal||acb,17
acb,milosavljevic d.||acb,12
acb,moerman adrien||acb,15
acb,molins pol||acb,1
acb,mumbru alex||acb,17
acb,navarro david||acb,17
acb,navarro j.c.||acb,16
acb,neal gary||acb,14
acb,nedovic nemanja||acb,17
acb,nelson luke||acb,17
acb,niang mamadou||acb,17
acb,nogues jose i.||acb,17
acb,norel henk||acb,17
acb,okouo viny||acb,17
acb,olaizola julen||acb,15
acb,olaseni gabriel||acb,17
acb,oleary ian||acb,17
acb,oleson brad||acb,17
acb,oliver albert||acb,16
acb,oriola pierre||acb,15
acb,oroz xabi||acb,16
acb,pardina joan||acb,14
acb,parra joel||acb,2
acb,pasecniks anzejs||acb,17
acb,pauli oriol||acb,16
acb,pechacek adam||acb,4
acb,pena dagoberto||acb,17
acb,perez daniel||acb,17
acb,pleiss tibor||acb,17
acb,pluta andrzej||acb,2
acb,poirier vincent||acb,17
acb,ponitka mateusz||acb,15
acb,popovic marko||acb,17
acb,pozas pepe||acb,17
acb,pressey phil||acb,17
acb,puerto josep||acb,9
acb,pustovyi artem||acb,17
acb,rabaseda xavi||acb,16
acb,radoncic dino||acb,13
acb,radovic nemanja||acb,17
acb,randle chasson||acb,14
acb,randolph a.||acb,6
acb,redivo lucio||acb,16
acb,reyes felipe||acb,17
acb,ribas pau||acb,17
acb,richard patrick||acb,16
acb,richotti nicolas||acb,15
acb,rojas sadiel||acb,17
acb,rudez damjan||acb,12
acb,rupnik luka||acb,17
acb,sabat albert||acb,17
acb,saiz sebas||acb,17
acb,salgado javier||acb,17
acb,salin sasu||acb,17
acb,salvo miquel||acb,17
acb,san emeterio||acb,8
acb,san miguel r.||acb,17
acb,sanchez a.||acb,17
acb,sanders rakim||acb,11
acb,sane landing||acb,3
acb,sanz mikel||acb,3
acb,sastre joan||acb,8
acb,savane sitapha||acb,17
acb,savic emil||acb,2
acb,schilb blake||acb,16
acb,schneider hugo||acb,1
acb,schreiner thomas||acb,17
acb,sedekerskis tadas||acb,12
acb,seeley dj||acb,17
acb,sekulic blagota||acb,17
acb,seraphin kevin||acb,14
acb,shengelia t.||acb,16
acb,shermadini giorgi||acb,17
acb,shurna john||acb,17
acb,simons benjamin||acb,17
acb,smits rolands||acb,17
acb,soko ovie||acb,17
acb,sola adams||acb,4
acb,soluade morayo||acb,8
acb,spires nick||acb,8
acb,stevic oliver||acb,17
acb,suarez alex||acb,17
acb,suarez carlos||acb,17
acb,suton goran||acb,17
acb,swing jordan||acb,17
acb,tabu jonathan||acb,14
acb,tavares w.||acb,10
acb,taylor jeffery||acb,15
acb,thomas devin||acb,8
acb,thomas matt||acb,16
acb,thomas will||acb,17
acb,thompkins trey||acb,12
acb,thompson deon||acb,17
acb,timma janis||acb,16
acb,tobey mike||acb,16
acb,todorovic dejan||acb,17
acb,tomas pere||acb,17
acb,tomic ante||acb,14
acb,triguero j.||acb,17
acb,tumba kevin||acb,17
acb,tvalabeishvili g.||acb,1
acb,uriz mikel||acb,17
acb,urtasun alex||acb,15
acb,urtasun txemi||acb,4
acb,van lacke fede||acb,17
acb,van rossom sam||acb,17
acb,vargas gregory||acb,17
acb,varnado jarvis||acb,17
acb,vasileiadis k.||acb,7
acb,vazquez fran||acb,17
acb,vega javier||acb,17
acb,ventura albert||acb,17
acb,vezenkov a.||acb,11
acb,vicedo edgar||acb,17
acb,vidal sergi||acb,17
acb,vildoza luca||acb,13
acb,vives guillem||acb,12
acb,voigtmann j.||acb,17
acb,vrabac adin||acb,10
acb,vucetic vasilije||acb,16
acb,waczynski adam||acb,17
acb,walker david||acb,17
acb,wayns maalik||acb,13
acb,white davin||acb,16
acb,yusta santiago||acb,16
acb,zagorac rade||acb,7
eurocup,aguilar pablo||eurocup,10
eurocup,akpinar ismet||eurocup,9
eurocup,albicy andrew||eurocup,9
eurocup,aldemir furkan||eurocup,8
eurocup,andric mihajlo||eurocup,10
eurocup,andusic danilo||eurocup,9
eurocup,antipov pavel||eurocup,12
eurocup,aranitovic aleksandar||eurocup,10
eurocup,arar ege||eurocup,13
eurocup,arslan yigit||eurocup,10
eurocup,aukstikalnis lukas||eurocup,10
eurocup,aydin serkan||eurocup,13
eurocup,babb chris||eurocup,11
eurocup,baburin evgeny||eurocup,10
eurocup,baez eulis||eurocup,13
eurocup,bajo darko||eurocup,4
eurocup,balcerowski aleksander||eurocup,1
eurocup,baldi rossi filippo||eurocup,6
eurocup,balvin ondrej||eurocup,13
eurocup,barinov nikita||eurocup,12
eurocup,baron jimmy||eurocup,13
eurocup,barovic filip||eurocup,8
eurocup,barthel danilo||eurocup,13
eurocup,bartolome hugo||eurocup,1
eurocup,baygul muhammed||eurocup,12
eurocup,bayram kadir||eurocup,8
eurocup,bazille timothee||eurocup,9
eurocup,behanan chane||eurocup,7
eurocup,bell james||eurocup,13
eurocup,benimon jerrelle||eurocup,5
eurocup,beyschlag georg||eurocup,1
eurocup,bille aleksandr||eurocup,1
eurocup,blazic jaka||eurocup,10
eurocup,bojic bogdan||eurocup,9
eurocup,bonacini federico||eurocup,12
eurocup,booker devin||eurocup,13
eurocup,bouteille axel||eurocup,13
eurocup,bretzel nicolas||eurocup,1
eurocup,briki sofiane||eurocup,7
eurocup,broekhoff ryan||eurocup,13
eurocup,brussino nicolas||eurocup,2
eurocup,butkevicius arnas||eurocup,5
eurocup,butler da sean||eurocup,10
eurocup,butterfield spencer||eurocup,9
eurocup,cakarevic marko||eurocup,3
eurocup,campbell louis||eurocup,10
eurocup,candi leonardo||eurocup,13
eurocup,carter josh||eurocup,13
eurocup,carter marc||eurocup,4
eurocup,carter robert||eurocup,6
eurocup,cepukaitis vaidas||eurocup,10
eurocup,cervi riccardo||eurocup,3
eurocup,cherry will||eurocup,13
eurocup,christmas rakeem||eurocup,5
eurocup,cipolla alessandro||eurocup,4
eurocup,clifford dennis||eurocup,13
eurocup,cline tj||eurocup,4
eurocup,collins mardy||eurocup,13
eurocup,colom guillem||eurocup,10
eurocup,colom quino||eurocup,13
eurocup,conklin brian||eurocup,12
eurocup,conti luca||eurocup,4
eurocup,copeland chris||eurocup,2
eurocup,crocker tony||eurocup,9
eurocup,cummings will||eurocup,13
eurocup,cunningham jared||eurocup,13
eurocup,daye austin||eurocup,10
eurocup,de vico niccolo||eurocup,11
eurocup,dedovic nihad||eurocup,13
eurocup,della valle amedeo||eurocup,12
eurocup,dellosto nicolo||eurocup,2
eurocup,diagne moussa||eurocup,10
eurocup,diaw boris||eurocup,9
eurocup,drescher hendrik||eurocup,3
eurocup,durmaz berkan||eurocup,4
eurocup,dyson jerome||eurocup,10
eurocup,eboh tim||eurocup,3
eurocup,echodas martynas||eurocup,13
eurocup,ejim melvin||eurocup,13
eurocup,elegar frank||eurocup,12
eurocup,elias-pour ram||eurocup,5
eurocup,eliezer cyrille||eurocup,8
eurocup,eliyahu lior||eurocup,10
eurocup,english aj||eurocup,4
eurocup,eric michael||eurocup,13
eurocup,eriksson marcus||eurocup,12
eurocup,ermis baris||eurocup,10
eurocup,fernandez jaime||eurocup,10
eurocup,ferner joschka||eurocup,9
eurocup,fevrier ivan||eurocup,9
eurocup,fischer lucas||eurocup,13
eurocup,fischer ricardo||eurocup,9
eurocup,flaccadori diego||eurocup,13
eurocup,forray toto||eurocup,13
eurocup,fotu isaac||eurocup,10
eurocup,francisco sylvain||eurocup,10
eurocup,franke yannick||eurocup,13
eurocup,gacic sandro||eurocup,2
eurocup,garrett diante||eurocup,13
eurocup,gavel anton||eurocup,13
eurocup,gavrilovic strahinja||eurocup,8
eurocup,gegic amar||eurocup,5
eurocup,gerasimov timofei||eurocup,1
eurocup,gibson danny||eurocup,13
eurocup,gibson kyle||eurocup,13
eurocup,giedraitis rokas||eurocup,13
eurocup,giffey niels||eurocup,9
eurocup,girdziunas mindaugas||eurocup,5
eurocup,gladness mickell||eurocup,10
eurocup,gomes beto||eurocup,13
eurocup,gordic nemanja||eurocup,13
eurocup,gordon drew||eurocup,12
eurocup,grigonis marius||eurocup,13
eurocup,guenther per||eurocup,8
eurocup,gutierrez jorge||eurocup,13
eurocup,halperin yotam||eurocup,10
eurocup,hammink shane||eurocup,10
eurocup,harangody luke||eurocup,7
eurocup,hardy dwight||eurocup,13
eurocup,harper demonte||eurocup,13
eurocup,harper justin||eurocup,13
eurocup,hayes kenny||eurocup,13
eurocup,hendrix richard||eurocup,12
eurocup,henry pierria||eurocup,10
eurocup,hervelle axel||eurocup,10
eurocup,hobbs braydon||eurocup,13
eurocup,hogue dustin||eurocup,5
eurocup,hopson scotty||eurocup,13
eurocup,howard william||eurocup,13
eurocup,howell richard||eurocup,7
eurocup,hundt bennet||eurocup,10
eurocup,iannuzzi antonio||eurocup,13
eurocup,ilic aleksa||eurocup,11
eurocup,ilnitskiy stanislav||eurocup,10
eurocup,ivanovic nikola||eurocup,13
eurocup,ivlev vladimir||eurocup,12
eurocup,jaiteh mam||eurocup,13
eurocup,jallow karim||eurocup,6
eurocup,jankovic vladimir||eurocup,9
eurocup,jasaitis simas||eurocup,10
eurocup,jelinek david||eurocup,10
eurocup,jerrells curtis||eurocup,2
eurocup,johnson chris||eurocup,12
eurocup,johnson jajuan||eurocup,13
eurocup,jomantas arturas||eurocup,13
eurocup,jones andre||eurocup,13
eurocup,jovanovic slobodan||eurocup,3
eurocup,jovic stefan||eurocup,8
eurocup,joyce dru||eurocup,9
eurocup,juskevicius adas||eurocup,10
eurocup,kaba alpha||eurocup,13
eurocup,kadji kenny||eurocup,10
eurocup,kahudi charles||eurocup,12
eurocup,kaimakoglou kostas||eurocup,4
eurocup,karasev sergey||eurocup,13
eurocup,karnowski przemek||eurocup,10
eurocup,katic toni||eurocup,13
eurocup,kempton tim||eurocup,4
eurocup,khvostov dmitry||eurocup,12
eurocup,kidd stanton||eurocup,13
eurocup,king alex||eurocup,13
eurocup,kinsey tarence||eurocup,7
eurocup,kljajic jovan||eurocup,1
eurocup,koksal goksenin||eurocup,13
eurocup,kolesnikov evgeny||eurocup,11
eurocup,konuk mert||eurocup,3
eurocup,koshcheev andrey||eurocup,5
eurocup,kosut emircan||eurocup,9
eurocup,kraemer david||eurocup,8
eurocup,kramer chris||eurocup,12
eurocup,kruslin filip||eurocup,11
eurocup,kulagin dmitry||eurocup,9
eurocup,kuric kyle||eurocup,13
eurocup,lacey trevor||eurocup,12
eurocup,landry kyle||eurocup,13
eurocup,lang nicolas||eurocup,10
eurocup,laprovittola nicolas||eurocup,10
eurocup,lasme stephane||eurocup,13
eurocup,lavrinovic darjus||eurocup,10
eurocup,lavrinovic ksistof||eurocup,10
eurocup,lazarev ivan||eurocup,10
eurocup,lechthaler luca||eurocup,13
eurocup,leonavicius gintaras||eurocup,10
eurocup,lesca remy||eurocup,10
eurocup,leslie travis||eurocup,4
eurocup,levshin denis||eurocup,1
eurocup,lewis trey||eurocup,10
eurocup,lighty david||eurocup,13
eurocup,llompart pedro||eurocup,7
eurocup,lockett trent||eurocup,13
eurocup,lopez javi||eurocup,1
eurocup,loubaki fred||eurocup,6
eurocup,lucas kalin||eurocup,6
eurocup,lucic vladimir||eurocup,3
eurocup,lukauskis mindaugas||eurocup,12
eurocup,lydeka tautvydas||eurocup,7
eurocup,macvan milan||eurocup,12
eurocup,madgen ben||eurocup,8
eurocup,maledon theo||eurocup,8
eurocup,maric nikola||eurocup,3
eurocup,marinkovic vanja||eurocup,9
eurocup,markoishvili manuchar||eurocup,13
eurocup,markota damir||eurocup,7
eurocup,mattisseck jonas||eurocup,3
eurocup,mavrokefalidis loukas||eurocup,11
eurocup,mayor igor||eurocup,5
eurocup,mazzola valerio||eurocup,13
eurocup,mbakwe trevor||eurocup,11
eurocup,mckissic shaquielle||eurocup,6
eurocup,meiers martins||eurocup,7
eurocup,mejia sammy||eurocup,10
eurocup,mekel gal||eurocup,13
eurocup,melian luis||eurocup,1
eurocup,mendia borja||eurocup,10
eurocup,miller patrick||eurocup,10
eurocup,mockevicius egidijus||eurocup,5
eurocup,morency jean-frederic||eurocup,13
eurocup,morgan raymar||eurocup,10
eurocup,motovilov grigory||eurocup,2
eurocup,mumbru alex||eurocup,10
eurocup,murphy kevin||eurocup,13
eurocup,murry toure||eurocup,10
eurocup,musa dzanan||eurocup,13
eurocup,mussini federico||eurocup,13
eurocup,ndour maurice||eurocup,6
eurocup,nelson demarcus||eurocup,10
eurocup,nelyubov ivan||eurocup,2
eurocup,nevels garrett||eurocup,7
eurocup,nichols demetris||eurocup,12
eurocup,nikic kresimir||eurocup,6
eurocup,nikolic danilo||eurocup,12
eurocup,nikolic zoran||eurocup,13
eurocup,normantas margiris||eurocup,9
eurocup,noua amine||eurocup,12
eurocup,nwaelele onyenma||eurocup,4
eurocup,odom roderick||eurocup,7
eurocup,ogunsipe marvin||eurocup,1
eurocup,ohayon yogev||eurocup,9
eurocup,ohlbrecht tim||eurocup,1
eurocup,okeke david||eurocup,13
eurocup,oliver albert||eurocup,13
eurocup,omic alen||eurocup,10
eurocup,owens josh||eurocup,10
eurocup,ozdemiroglu dogus||eurocup,13
eurocup,ozmizrak kartal||eurocup,13
eurocup,pape till||eurocup,9
eurocup,parente davide||eurocup,13
eurocup,pasecniks anzejs||eurocup,13
eurocup,patterson lamar||eurocup,13
eurocup,pauli oriol||eurocup,13
eurocup,paunic ivan||eurocup,10
eurocup,pecarski marko||eurocup,10
eurocup,peiners zanis||eurocup,10
eurocup,peno stefan||eurocup,13
eurocup,perkovic toni||eurocup,3
eurocup,perperoglou stratos||eurocup,10
eurocup,peterson travis||eurocup,13
eurocup,pietrus florent||eurocup,4
eurocup,poeta giuseppe||eurocup,13
eurocup,pongo marcell||eurocup,3
eurocup,ponkrashov anton||eurocup,13
eurocup,popovic petar||eurocup,12
eurocup,preldzic emir||eurocup,10
eurocup,prepelic klemen||eurocup,9
eurocup,qvale brian||eurocup,13
eurocup,rabaseda xavier||eurocup,12
eurocup,radosavljevic bogdan||eurocup,8
eurocup,ragland joe||eurocup,11
eurocup,ramljak ivan||eurocup,6
eurocup,redding reggie||eurocup,13
eurocup,redivo lucio||eurocup,10
eurocup,renfroe alex||eurocup,13
eurocup,reynolds jalen||eurocup,13
eurocup,reynolds scottie||eurocup,13
eurocup,rimsa tomas||eurocup,1
eurocup,roberson john||eurocup,13
eurocup,roberts ronald||eurocup,4
eurocup,rohwer bjoern||eurocup,6
eurocup,roos maxime||eurocup,10
eurocup,saibou joshiko||eurocup,13
eurocup,salgado javi||eurocup,6
eurocup,salic doko||eurocup,10
eurocup,samuels samardo||eurocup,2
eurocup,sane landing||eurocup,11
eurocup,sant-roos  howard||eurocup,13
eurocup,schneider tim||eurocup,12
eurocup,seeley dennis||eurocup,13
eurocup,sehovic sead||eurocup,12
eurocup,sehovic suad||eurocup,11
eurocup,sergeev pavel||eurocup,13
eurocup,shields shavon||eurocup,12
eurocup,shukhovtcov grigory||eurocup,9
eurocup,shurna john||eurocup,10
eurocup,sikma luke||eurocup,13
eurocup,silins ojars||eurocup,11
eurocup,simonovic marko||eurocup,12
eurocup,sirvydis deividas||eurocup,2
eurocup,siva  peyton||eurocup,12
eurocup,skucas zygimantas||eurocup,10
eurocup,slaughter aj||eurocup,13
eurocup,slavica nik||eurocup,11
eurocup,smith jamar||eurocup,13
eurocup,sow khadim||eurocup,2
eurocup,starovlah milic||eurocup,13
eurocup,stephens quinton||eurocup,13
eurocup,stevanovic andreja||eurocup,8
eurocup,stevic oliver||eurocup,10
eurocup,stipanovic andrija||eurocup,13
eurocup,summers dajuan||eurocup,13
eurocup,sutton dominique||eurocup,12
eurocup,tabu jonathan||eurocup,7
eurocup,tadic tadija||eurocup,7
eurocup,talton gary||eurocup,10
eurocup,tanaskovic nikola||eurocup,4
eurocup,tarolis donatas||eurocup,10
eurocup,taylor jordan||eurocup,9
eurocup,tchewa russel||eurocup,4
eurocup,thomas devin robert||eurocup,4
eurocup,thompson ryan||eurocup,9
eurocup,timor bar||eurocup,8
eurocup,todorovic dejan||eurocup,10
eurocup,tomas pere||eurocup,10
eurocup,tomic obrad||eurocup,6
eurocup,topaloglu caner||eurocup,6
eurocup,trushkin vladislav||eurocup,13
eurocup,ukic roko||eurocup,11
eurocup,ulubay okben||eurocup,13
eurocup,valiev evgeny||eurocup,13
eurocup,vargas akeem||eurocup,13
eurocup,velickovic novica||eurocup,7
eurocup,vikhrov artem||eurocup,13
eurocup,voronov evgeny||eurocup,11
eurocup,vucetic vasilije||eurocup,10
eurocup,vujacic sasha||eurocup,13
eurocup,walker david||eurocup,10
eurocup,walker henry||eurocup,3
eurocup,ware gavin||eurocup,9
eurocup,washington deron||eurocup,13
eurocup,watkins darryl||eurocup,13
eurocup,white james||eurocup,7
eurocup,whittington  shayne||eurocup,4
eurocup,wilbekin scottie||eurocup,10
eurocup,williams lorenzo||eurocup,9
eurocup,williams-goss nigel||eurocup,10
eurocup,wright chris||eurocup,5
eurocup,wright julian||eurocup,13
eurocup,yagmur mehmet||eurocup,9
eurocup,yasar muhsin||eurocup,10
eurocup,zerbo frejus||eurocup,8
eurocup,zganec karlo||eurocup,13
eurocup,zirbes maik||eurocup,13
euroleague,abalde alberto||euroleague,16
euroleague,abass awudu||euroleague,11
euroleague,adams josh||euroleague,16
euroleague,agravanis dimitris||euroleague,8
euroleague,anderson james||euroleague,19
euroleague,antetokounmpo thanasis||euroleague,19
euroleague,antic pero||euroleague,15
euroleague,antonov semen||euroleague,18
euroleague,apic dragan||euroleague,5
euroleague,arlauskas martynas||euroleague,7
euroleague,arna egehan||euroleague,4
euroleague,arsenopoulos nikolaos||euroleague,3
euroleague,astapkovich anton||euroleague,1
euroleague,auguste zach||euroleague,19
euroleague,augustine james||euroleague,18
euroleague,ayon gustavo||euroleague,5
euroleague,balbay dogus||euroleague,8
euroleague,batuk birkan||euroleague,14
euroleague,beaubois rodrigue||euroleague,18
euroleague,bertans dairis||euroleague,17
euroleague,bitim onuralp||euroleague,16
euroleague,bjelica milko||euroleague,19
euroleague,bogris georgios||euroleague,17
euroleague,bolden jonah||euroleague,18
euroleague,bost dee||euroleague,6
euroleague,brooks jeff||euroleague,17
euroleague,brown derrick||euroleague,9
euroleague,calathes nick||euroleague,16
euroleague,campazzo facundo||euroleague,19
euroleague,carroll jaycee||euroleague,19
euroleague,causeur fabien||euroleague,19
euroleague,cinciarini andrea||euroleague,16
euroleague,claver victor||euroleague,15
euroleague,clyburn will||euroleague,19
euroleague,cohen jake||euroleague,18
euroleague,cole norris||euroleague,17
euroleague,cusin marco||euroleague,14
euroleague,dangubic nemanja||euroleague,16
euroleague,datome luigi||euroleague,19
euroleague,davidovac dejan||euroleague,15
euroleague,davies brandon||euroleague,19
euroleague,de colo nando||euroleague,19
euroleague,delfino carlos||euroleague,2
euroleague,demir berk||euroleague,18
euroleague,denmon marcus||euroleague,19
euroleague,diaz alberto||euroleague,19
euroleague,dibartolomeo john||euroleague,19
euroleague,diez daniel||euroleague,17
euroleague,diop ilimane||euroleague,12
euroleague,dobric ognjen||euroleague,16
euroleague,doellman justin||euroleague,3
euroleague,doncic luka||euroleague,19
euroleague,doornekamp aaron||euroleague,19
euroleague,douglas toney||euroleague,3
euroleague,dragic zoran||euroleague,11
euroleague,dubljevic bojan||euroleague,16
euroleague,dunston bryant||euroleague,19
euroleague,duverioglu ahmet||euroleague,16
euroleague,ennis dylan||euroleague,8
euroleague,feldeine james||euroleague,19
euroleague,fernandez rudy||euroleague,15
euroleague,fontecchio simone||euroleague,3
euroleague,fridzon vitaly||euroleague,18
euroleague,gabriel kenny||euroleague,19
euroleague,garcia marc||euroleague,1
euroleague,garcia sergi||euroleague,1
euroleague,garino patricio||euroleague,9
euroleague,gavrilov alexander||euroleague,1
euroleague,gill anthony||euroleague,17
euroleague,gist james||euroleague,19
euroleague,gonzalez miguel||euroleague,6
euroleague,goudelock andrew||euroleague,14
euroleague,granger jayson||euroleague,18
euroleague,green erick||euroleague,17
euroleague,gudaitis arturas||euroleague,18
euroleague,guduric marko||euroleague,19
euroleague,guler sinan||euroleague,19
euroleague,hackett daniel||euroleague,17
euroleague,hanga adam||euroleague,19
euroleague,heckmann patrick||euroleague,19
euroleague,hersek baris||euroleague,10
euroleague,heurtel thomas||euroleague,19
euroleague,hickman ricky||euroleague,18
euroleague,higgins cory||euroleague,19
euroleague,hines kyle||euroleague,19
euroleague,hlinason tryggvi||euroleague,16
euroleague,honeycutt tyler||euroleague,10
euroleague,huertas marcelinho||euroleague,19
euroleague,hunter othello||euroleague,16
euroleague,jackson pierre||euroleague,19
euroleague,jankovic stefan||euroleague,17
euroleague,jankunas paulius||euroleague,19
euroleague,janning matt||euroleague,19
euroleague,jefferson cory||euroleague,15
euroleague,jenkins charles||euroleague,19
euroleague,jerrells curtis||euroleague,13
euroleague,jones kevin||euroleague,10
euroleague,jovanovic nikola||euroleague,19
euroleague,kalaitzakis georgios||euroleague,1
euroleague,kalinic nikola||euroleague,3
euroleague,kalnietis mantas||euroleague,19
euroleague,kane deandre||euroleague,19
euroleague,kavaliauskas antanas||euroleague,19
euroleague,keselj marko||euroleague,3
euroleague,khryapa victor||euroleague,18
euroleague,koponen petteri||euroleague,19
euroleague,korobkov pavel||euroleague,7
euroleague,kulagin mikhail||euroleague,10
euroleague,kurbanov nikita||euroleague,19
euroleague,kurucs rodions||euroleague,4
euroleague,kuzmic ognjen||euroleague,2
euroleague,kuzminskas mindaugas||euroleague,4
euroleague,lazarevic stefan||euroleague,4
euroleague,lazic branko||euroleague,19
euroleague,ledo ricky||euroleague,13
euroleague,lekavicius lukas||euroleague,19
euroleague,lessort mathias||euroleague,19
euroleague,lo maodo||euroleague,19
euroleague,lojeski matt||euroleague,17
euroleague,maciulis jonas||euroleague,19
euroleague,mahmutoglu melih||euroleague,18
euroleague,makiev alan||euroleague,6
euroleague,malmanis rinalds||euroleague,7
euroleague,mantzaris vangelis||euroleague,17
euroleague,markovic stefan||euroleague,18
euroleague,martinez ivan||euroleague,7
euroleague,martinez rafa||euroleague,18
euroleague,mashour karam||euroleague,11
euroleague,masiulis gytis||euroleague,14
euroleague,mbaye amath||euroleague,19
euroleague,mccallum ray||euroleague,19
euroleague,mccollum errick||euroleague,19
euroleague,mcdowell-white william||euroleague,4
euroleague,mclean jamel||euroleague,18
euroleague,mcrae jordan||euroleague,3
euroleague,melli nicolo||euroleague,19
euroleague,micic vasilije||euroleague,19
euroleague,micov vladimir||euroleague,19
euroleague,milaknis arturas||euroleague,19
euroleague,milosavljevic dragan||euroleague,16
euroleague,milutinov nikola||euroleague,15
euroleague,mitoglou konstantinos||euroleague,4
euroleague,mitrovic luka||euroleague,9
euroleague,moerman adrien||euroleague,19
euroleague,monia sergey||euroleague,19
euroleague,motum brock||euroleague,19
euroleague,muhammed ali||euroleague,11
euroleague,muric edo||euroleague,10
euroleague,musli dejan||euroleague,15
euroleague,mustafa muhaymin||euroleague,11
euroleague,navarro juan carlos||euroleague,19
euroleague,nedovic nemanja||euroleague,16
euroleague,nikolic aleksej||euroleague,19
euroleague,nunnally james||euroleague,16
euroleague,okouo viny||euroleague,12
euroleague,olinde louis||euroleague,14
euroleague,oriola pierre||euroleague,19
euroleague,pangos kevin||euroleague,19
euroleague,papanikolaou kostas||euroleague,19
euroleague,papapetrou ioannis||euroleague,18
euroleague,pappas nikos||euroleague,19
euroleague,parakhouski artsiom||euroleague,19
euroleague,pascolo davide||euroleague,9
euroleague,pleiss tibor||euroleague,19
euroleague,poirier vincent||euroleague,19
euroleague,pressey phil||euroleague,17
euroleague,printezis georgios||euroleague,16
euroleague,puerto josep||euroleague,13
euroleague,radicevic nikola||euroleague,15
euroleague,radoncic dino||euroleague,12
euroleague,radosevic leon||euroleague,19
euroleague,randle chasson||euroleague,19
euroleague,randolph anthony||euroleague,5
euroleague,reyes felipe||euroleague,19
euroleague,ribas pau||euroleague,19
euroleague,rivers kc||euroleague,19
euroleague,roberts brian||euroleague,17
euroleague,robinson thomas||euroleague,9
euroleague,rochestie taylor||euroleague,19
euroleague,rodriguez sergio||euroleague,19
euroleague,roll michael||euroleague,18
euroleague,rubit augustine||euroleague,19
euroleague,rudez damjan||euroleague,15
euroleague,sajus martynas||euroleague,8
euroleague,salin sasu||euroleague,18
euroleague,san emeterio fernando||euroleague,13
euroleague,sanders rakim||euroleague,12
euroleague,sastre joan||euroleague,7
euroleague,saybir yigitcan||euroleague,1
euroleague,segev itay||euroleague,16
euroleague,seraphin kevin||euroleague,16
euroleague,shengelia tornike||euroleague,19
euroleague,shermadini giorgi||euroleague,18
euroleague,shved alexey||euroleague,19
euroleague,simon krunoslav||euroleague,19
euroleague,singleton chris||euroleague,19
euroleague,sloukas kostas||euroleague,18
euroleague,sokolov dmitry||euroleague,9
euroleague,soluade mo||euroleague,11
euroleague,spanoulis vassilis||euroleague,9
euroleague,staiger lucca||euroleague,19
euroleague,stimac vladimir||euroleague,19
euroleague,strelnieks janis||euroleague,19
euroleague,suarez carlos||euroleague,19
euroleague,tarczewski kaleb||euroleague,19
euroleague,tavares walter||euroleague,13
euroleague,taylor bryce||euroleague,10
euroleague,taylor jeffery||euroleague,17
euroleague,theodore jordan||euroleague,18
euroleague,thomas deshaun||euroleague,17
euroleague,thomas malcolm||euroleague,19
euroleague,thomas will||euroleague,19
euroleague,thompkins trey||euroleague,14
euroleague,thompson hollis||euroleague,19
euroleague,thompson jason||euroleague,19
euroleague,tillie kim||euroleague,1
euroleague,timma janis||euroleague,19
euroleague,todorovic marko||euroleague,18
euroleague,toliopoulos vassilis||euroleague,17
euroleague,tomic ante||euroleague,19
euroleague,toupane axel||euroleague,19
euroleague,tyus alex||euroleague,19
euroleague,udrih beno||euroleague,4
euroleague,ulanovas edgaras||euroleague,18
euroleague,valinskas paulius||euroleague,17
euroleague,van rossom sam||euroleague,19
euroleague,vesely jan||euroleague,18
euroleague,vezenkov sasha||euroleague,11
euroleague,vialtsev egor||euroleague,19
euroleague,vildoza luca||euroleague,18
euroleague,vives guillem||euroleague,13
euroleague,voigtmann johannes||euroleague,19
euroleague,vorontsevich andrey||euroleague,15
euroleague,vougioukas ian||euroleague,19
euroleague,waczynski adam||euroleague,18
euroleague,wanamaker brad||euroleague,19
euroleague,westermann leo||euroleague,4
euroleague,white aaron||euroleague,19
euroleague,wiltjer kyle||euroleague,13
euroleague,wright dorell||euroleague,16
euroleague,yusta santi||euroleague,12
euroleague,zaytsev vyacheslav||euroleague,18
euroleague,zisis nikos||euroleague,17
euroleague,zoosman yovel||euroleague,17
euroleague,zubkov andrey||euroleague,15
