competition,player_id,player_name,appearances,first_date,last_date,mean_minutes,mean_pir
acb,abalde alberto||acb,"Abalde, Alberto",12,2017-10-08,2018-01-21,16.493055555555554,7.166666666666667
acb,abromaitis tim||acb,"Abromaitis, Tim",17,2017-10-01,2018-01-21,25.461764705882356,10.529411764705882
acb,agbelese danny||acb,"Agbelese, Danny",17,2017-10-01,2018-01-21,14.677450980392157,7.470588235294118
acb,aguilar pablo||acb,"Aguilar, Pablo",13,2017-10-01,2018-01-21,16.0525641025641,5.923076923076923
acb,akognon josh||acb,"Akognon, Josh",1,2018-01-21,2018-01-21,1.9166666666666665,-3.0
acb,albicy andrew||acb,"Albicy, Andrew",17,2017-10-01,2018-01-21,22.87450980392157,8.0
acb,allen rosco||acb,"Allen, Rosco",17,2017-10-01,2018-01-21,14.14313725490196,3.235294117647059
acb,alocen carlos||acb,"Alocen, Carlos",3,2017-12-03,2017-12-17,13.77222222222222,5.0
acb,anosike oderah||acb,"Anosike, Oderah",17,2017-10-01,2018-01-21,25.099019607843136,11.058823529411764
acb,arteaga victor||acb,"Arteaga, Victor",17,2017-10-05,2018-01-21,6.811764705882354,3.176470588235294
acb,augustine james||acb,"Augustine, James",17,2017-10-01,2018-01-21,20.015686274509804,9.705882352941176
acb,ayon gustavo||acb,"Ayon, Gustavo",7,2017-10-01,2017-11-04,20.552380952380954,11.0
acb,azpeitia asier||acb,"Azpeitia, Asier",2,2017-10-04,2018-01-07,1.1166666666666667,1.0
acb,bachynski jordan||acb,"Bachynski, Jordan",1,2017-10-21,2017-10-21,0.0,0.0
acb,baez eulis||acb,"Baez, Eulis",16,2017-10-01,2018-01-14,22.921875,12.125
acb,balcerowski a.||acb,"Balcerowski, A.",1,2017-11-19,2017-11-19,0.0,0.0
acb,balcerowski olek||acb,"Balcerowski, Olek",3,2017-12-03,2018-01-21,0.48333333333333334,0.3333333333333333
acb,balvin ondrej||acb,"Balvin, Ondrej",17,2017-10-01,2018-01-21,20.99411764705882,11.117647058823529
acb,barreiro j.||acb,"Barreiro, J.",17,2017-09-30,2018-01-21,16.59313725490196,5.0588235294117645
acb,barrera alex||acb,"Barrera, Alex",17,2017-10-01,2018-01-21,11.795098039215686,3.411764705882353
acb,bassas ferran||acb,"Bassas, Ferran",14,2017-10-01,2018-01-21,14.553571428571429,5.214285714285714
acb,beaubois rodrigue||acb,"Beaubois, Rodrigue",16,2017-10-05,2018-01-21,18.761458333333334,10.3125
acb,beiran javier||acb,"Beiran, Javier",15,2017-10-01,2018-01-21,19.618888888888886,8.333333333333334
acb,bellas tomas||acb,"Bellas, Tomas",17,2017-09-30,2018-01-21,25.97549019607843,8.588235294117647
acb,bendzius eimantas||acb,"Bendzius, Eimantas",17,2017-09-30,2018-01-21,21.73725490196078,8.588235294117647
acb,benite vitor||acb,"Benite, Vitor",17,2017-10-01,2018-01-21,19.104901960784314,8.647058823529411
acb,beraza xabier||acb,"Beraza, Xabier",1,2018-01-21,2018-01-21,3.4,-3.0
acb,beraza xabi||acb,"Beraza, Xabi",4,2017-10-22,2018-01-07,2.158333333333333,0.75
acb,birgander simon||acb,"Birgander, Simon",16,2017-10-05,2018-01-21,13.10625,3.1875
acb,blanco saul||acb,"Blanco, Saul",11,2017-10-01,2017-12-30,4.763636363636364,1.1818181818181819
acb,blazic jaka||acb,"Blazic, Jaka",17,2017-10-01,2018-01-21,26.85098039215686,13.058823529411764
acb,blums janis||acb,"Blums, Janis",17,2017-09-30,2018-01-21,21.8921568627451,4.705882352941177
acb,bonde sturup mads||acb,"Bonde Sturup, Mads",6,2017-10-15,2018-01-14,0.03333333333333333,0.0
acb,boungou-colo n.||acb,"Boungou-Colo, N.",9,2017-10-01,2017-11-18,29.77407407407408,10.11111111111111
acb,brizuela dario||acb,"Brizuela, Dario",17,2017-10-05,2018-01-21,16.211764705882356,3.0
acb,brooks jeff||acb,"Brooks, Jeff",17,2017-10-01,2018-01-21,18.801960784313724,9.058823529411764
acb,brown alec||acb,"Brown, Alec",17,2017-10-05,2018-01-21,21.326470588235296,10.882352941176471
acb,brussino nico||acb,"Brussino, Nico",3,2018-01-07,2018-01-21,13.144444444444446,3.6666666666666665
acb,busquets pep||acb,"Busquets, Pep",2,2018-01-04,2018-01-07,0.0,0.0
acb,campazzo facu||acb,"Campazzo, Facu",17,2017-10-01,2018-01-21,23.44607843137255,11.411764705882353
acb,caner-medleyn.||acb,"Caner-Medley,N.",15,2017-10-05,2018-01-21,19.585555555555555,7.4
acb,carroll jaycee||acb,"Carroll, Jaycee",16,2017-10-01,2018-01-21,17.40416666666667,9.4375
acb,causeur fabien||acb,"Causeur, Fabien",16,2017-10-01,2018-01-21,16.4875,8.5
acb,chery kenny||acb,"Chery, Kenny",17,2017-10-01,2018-01-21,18.698039215686276,6.705882352941177
acb,clark daniel||acb,"Clark, Daniel",17,2017-10-01,2018-01-21,21.951960784313727,8.647058823529411
acb,claver victor||acb,"Claver, Victor",11,2017-11-05,2018-01-21,12.945454545454545,4.090909090909091
acb,colom guillem||acb,"Colom, Guillem",17,2017-10-01,2018-01-21,2.1107843137254902,0.6470588235294118
acb,cook omar||acb,"Cook, Omar",17,2017-10-05,2018-01-21,26.224509803921567,11.823529411764707
acb,copeland chris||acb,"Copeland, Chris",7,2017-11-12,2018-01-21,11.73095238095238,1.2857142857142858
acb,corbacho a.||acb,"Corbacho, A.",17,2017-09-30,2018-01-21,6.898039215686275,2.1176470588235294
acb,cruz francisco||acb,"Cruz, Francisco",17,2017-09-30,2018-01-21,24.61470588235294,9.529411764705882
acb,cruz ivan||acb,"Cruz, Ivan",17,2017-10-01,2018-01-21,8.948039215686276,1.9411764705882353
acb,cvetkovic a.||acb,"Cvetkovic, A.",16,2017-10-05,2018-01-21,20.2375,5.0625
acb,de jong nicolas||acb,"De Jong, Nicolas",17,2017-09-30,2018-01-21,15.241176470588236,9.0
acb,delfino carlos||acb,"Delfino, Carlos",4,2017-09-29,2017-10-15,12.924999999999999,0.75
acb,delia marcos||acb,"Delia, Marcos",17,2017-10-01,2018-01-21,23.127450980392158,7.470588235294118
acb,diagne atoumane||acb,"Diagne, Atoumane",4,2017-09-29,2018-01-21,1.4375,-0.5
acb,diagne moussa||acb,"Diagne, Moussa",16,2017-10-01,2018-01-21,13.754166666666666,7.9375
acb,diaz alberto||acb,"Diaz, Alberto",17,2017-10-01,2018-01-21,20.557843137254903,5.705882352941177
acb,diez daniel||acb,"Diez, Daniel",14,2017-10-14,2018-01-21,13.677380952380954,6.357142857142857
acb,dimitrijevic n.||acb,"Dimitrijevic, N.",17,2017-10-05,2018-01-21,16.144117647058824,4.529411764705882
acb,diop ilimane||acb,"Diop, Ilimane",13,2017-09-29,2018-01-21,11.964102564102564,7.0
acb,doncic luka||acb,"Doncic, Luka",16,2017-10-01,2018-01-14,23.930208333333333,20.0625
acb,doornekamp a.||acb,"Doornekamp, A.",17,2017-10-01,2018-01-21,20.945098039215686,6.588235294117647
acb,dos anjos felipe||acb,"Dos Anjos, Felipe",7,2017-10-01,2017-11-05,1.676190476190476,0.7142857142857143
acb,dragovic nikola||acb,"Dragovic, Nikola",17,2017-09-30,2018-01-21,24.948039215686276,9.235294117647058
acb,draper dontaye||acb,"Draper, Dontaye",9,2017-11-18,2018-01-21,16.555555555555557,4.444444444444445
acb,dubljevic bojan||acb,"Dubljevic, Bojan",14,2017-10-01,2018-01-13,21.271428571428572,12.928571428571429
acb,ehigiator osas||acb,"Ehigiator, Osas",1,2017-12-10,2017-12-10,0.0,0.0
acb,eriksson marcus||acb,"Eriksson, Marcus",16,2017-10-01,2018-01-21,21.541666666666668,11.3125
acb,eyenga c.||acb,"Eyenga, C.",17,2017-09-30,2018-01-21,26.38137254901961,11.588235294117647
acb,fakuade michael||acb,"Fakuade, Michael",17,2017-10-01,2018-01-21,15.822549019607845,5.294117647058823
acb,faverani v.||acb,"Faverani, V.",2,2017-10-29,2017-11-05,2.2583333333333333,-2.0
acb,fernandez jaime||acb,"Fernandez, Jaime",17,2017-10-01,2018-01-21,21.807843137254903,13.764705882352942
acb,fernandez rudy||acb,"Fernandez, Rudy",13,2017-10-05,2018-01-21,14.851282051282052,8.307692307692308
acb,ferrando luis||acb,"Ferrando, Luis",3,2017-12-03,2018-01-02,0.9388888888888888,-0.6666666666666666
acb,fischer luke||acb,"Fischer, Luke",17,2017-10-01,2018-01-21,6.915686274509803,3.9411764705882355
acb,fischer ricardo||acb,"Fischer, Ricardo",16,2017-09-30,2018-01-21,13.629166666666666,4.9375
acb,fisher corey||acb,"Fisher, Corey",17,2017-10-01,2018-01-21,24.039215686274506,9.352941176470589
acb,franch josep||acb,"Franch, Josep",17,2017-10-01,2018-01-21,12.627450980392156,4.705882352941177
acb,gacic sandro||acb,"Gacic, Sandro",1,2018-01-06,2018-01-06,0.0,0.0
acb,gailius deividas||acb,"Gailius, Deividas",17,2017-10-01,2018-01-21,22.805882352941175,9.705882352941176
acb,garcia marc||acb,"Garcia, Marc",6,2017-09-29,2017-10-29,2.033333333333333,0.0
acb,garcia sergi||acb,"Garcia, Sergi",11,2017-09-30,2018-01-13,17.166666666666668,10.363636363636363
acb,garino patricio||acb,"Garino, Patricio",8,2017-10-22,2018-01-14,11.716666666666667,0.625
acb,garuba usman||acb,"Garuba, Usman",1,2017-10-28,2017-10-28,0.0,0.0
acb,gielo tomasz||acb,"Gielo, Tomasz",17,2017-10-05,2018-01-21,21.939215686274512,5.411764705882353
acb,gladness mickell||acb,"Gladness, Mickell",16,2017-09-30,2018-01-14,20.3875,9.0625
acb,golubovic v.||acb,"Golubovic, V.",17,2017-10-01,2018-01-21,13.358823529411765,7.470588235294118
acb,gomez rodrigo||acb,"Gomez, Rodrigo",6,2017-10-21,2018-01-13,0.0,0.0
acb,gonzalez jose m.||acb,"Gonzalez, Jose M.",15,2017-09-30,2018-01-21,1.6244444444444446,0.5333333333333333
acb,gonzalez miguel||acb,"Gonzalez, Miguel",3,2017-11-19,2018-01-03,1.8111111111111111,0.0
acb,granger jayson||acb,"Granger, Jayson",17,2017-09-29,2018-01-21,25.00588235294118,12.411764705882353
acb,green erick||acb,"Green, Erick",16,2017-10-01,2018-01-21,22.571875,13.5
acb,gudul omari||acb,"Gudul, Omari",14,2017-10-05,2018-01-21,1.9357142857142857,-0.42857142857142855
acb,hakanson ludde||acb,"Hakanson, Ludde",17,2017-10-05,2018-01-21,14.905882352941177,5.294117647058823
acb,hammink shane||acb,"Hammink, Shane",17,2017-09-30,2018-01-21,15.030392156862746,2.5294117647058822
acb,hanga adam||acb,"Hanga, Adam",17,2017-09-29,2018-01-21,22.601960784313725,11.058823529411764
acb,hannah clevin||acb,"Hannah, Clevin",17,2017-10-01,2018-01-21,25.531372549019608,15.235294117647058
acb,hervelle axel||acb,"Hervelle, Axel",17,2017-09-30,2018-01-21,21.802941176470586,4.470588235294118
acb,heurtel thomas||acb,"Heurtel, Thomas",16,2017-09-29,2018-01-21,23.722916666666666,15.4375
acb,hlinason t.||acb,"Hlinason, T.",16,2017-10-01,2018-01-21,1.934375,0.375
acb,huertas m.||acb,"Huertas, M.",17,2017-09-29,2018-01-21,20.512745098039215,9.705882352941176
acb,huskic goran||acb,"Huskic, Goran",17,2017-10-01,2018-01-21,20.27450980392157,10.176470588235293
acb,jankovic vladimir||acb,"Jankovic, Vladimir",15,2017-10-01,2018-01-21,17.67222222222222,6.133333333333334
acb,janning matt||acb,"Janning, Matt",16,2017-09-29,2018-01-21,22.088541666666668,6.25
acb,jelinek david||acb,"Jelinek, David",17,2017-10-01,2018-01-21,19.000980392156862,7.0
acb,jenkins john||acb,"Jenkins, John",10,2017-11-11,2018-01-21,19.215,9.6
acb,jones kevin||acb,"Jones, Kevin",8,2017-12-03,2018-01-21,15.660416666666666,6.75
acb,jordan jerome||acb,"Jordan, Jerome",17,2017-10-05,2018-01-21,24.08823529411765,15.705882352941176
acb,karnowski przemek||acb,"Karnowski, Przemek",13,2017-10-01,2017-12-23,16.24871794871795,6.3076923076923075
acb,kelly ryan||acb,"Kelly, Ryan",17,2017-10-01,2018-01-21,29.355882352941176,15.294117647058824
acb,kempton tim||acb,"Kempton, Tim",7,2017-09-30,2017-11-05,6.252380952380952,0.2857142857142857
acb,kljajic jovan||acb,"Kljajic, Jovan",2,2017-12-03,2017-12-10,0.0,0.0
acb,kloof charlon||acb,"Kloof, Charlon",17,2017-10-01,2018-01-21,16.91078431372549,6.411764705882353
acb,koponen petteri||acb,"Koponen, Petteri",17,2017-09-29,2018-01-21,16.98627450980392,5.764705882352941
acb,kulvietis saulius||acb,"Kulvietis, Saulius",16,2017-10-05,2018-01-21,18.746875,5.3125
acb,kurucs rodions||acb,"Kurucs, Rodions",3,2017-12-10,2018-01-21,4.961111111111111,1.6666666666666667
acb,kuzmic ognjen||acb,"Kuzmic, Ognjen",4,2017-10-01,2017-10-15,16.308333333333334,7.75
acb,laksa martins||acb,"Laksa, Martins",17,2017-09-30,2018-01-21,11.894117647058824,1.8235294117647058
acb,landesberg sylven||acb,"Landesberg, Sylven",16,2017-10-05,2018-01-21,27.091666666666665,14.75
acb,llompart pedro||acb,"Llompart, Pedro",7,2017-10-01,2017-11-19,4.69047619047619,1.7142857142857142
acb,llorca alex||acb,"Llorca, Alex",16,2017-09-30,2018-01-21,8.258333333333333,2.8125
acb,llorente sergio||acb,"Llorente, Sergio",17,2017-09-30,2018-01-21,1.0813725490196078,-0.17647058823529413
acb,llovet nacho||acb,"Llovet, Nacho",17,2017-09-30,2018-01-21,18.920588235294115,6.9411764705882355
acb,lopez alex||acb,"Lopez, Alex",17,2017-10-01,2018-01-21,20.37450980392157,7.117647058823529
acb,lopez javi||acb,"Lopez, Javi",3,2017-11-19,2018-01-21,0.0,0.0
acb,lopez-arostegui x||acb,"Lopez-Arostegui, X",15,2017-10-05,2018-01-21,15.328888888888889,5.733333333333333
acb,lukovic marko||acb,"Lukovic, Marko",17,2017-10-01,2018-01-21,16.140196078431373,5.235294117647059
acb,maciulis jonas||acb,"Maciulis, Jonas",11,2017-10-22,2018-01-21,14.624242424242425,5.7272727272727275
acb,malmanis rinalds||acb,"Malmanis, Rinalds",7,2017-09-29,2017-12-09,13.404761904761903,1.8571428571428572
acb,maric nikola||acb,"Maric, Nikola",2,2017-10-04,2017-10-15,0.0,0.0
acb,martin alberto||acb,"Martin, Alberto",13,2017-10-15,2018-01-21,1.985897435897436,0.38461538461538464
acb,martinez edu||acb,"Martinez, Edu",17,2017-10-01,2018-01-21,8.886274509803922,2.4705882352941178
acb,martinez emilio||acb,"Martinez, Emilio",3,2017-10-01,2017-10-22,0.0,0.0
acb,martinez ivan||acb,"Martinez, Ivan",13,2017-09-29,2018-01-21,0.44999999999999996,0.0
acb,martinez rafa||acb,"Martinez, Rafa",17,2017-10-01,2018-01-21,17.41176470588235,9.352941176470589
acb,mavra dominik||acb,"Mavra, Dominik",5,2017-10-05,2017-10-29,11.783333333333333,0.6
acb,mazalin lovro||acb,"Mazalin, Lovro",15,2017-09-30,2018-01-13,3.2911111111111113,-0.4666666666666667
acb,mccalebb bo||acb,"McCalebb, Bo",6,2017-12-17,2018-01-21,24.977777777777778,12.333333333333334
acb,mccallum ray||acb,"McCallum, Ray",17,2017-10-01,2018-01-21,19.057843137254903,7.705882352941177
acb,mcgrath donnie||acb,"McGrath, Donnie",14,2017-10-01,2018-01-21,16.898809523809526,1.5714285714285714
acb,mckissic s.||acb,"McKissic, S.",10,2017-10-01,2017-12-03,17.494999999999997,5.9
acb,mcrae jordan||acb,"McRae, Jordan",1,2017-10-29,2017-10-29,17.6,5.0
acb,mekel gal||acb,"Mekel, Gal",17,2017-10-01,2018-01-21,19.345098039215685,7.764705882352941
acb,mendia borja||acb,"Mendia, Borja",9,2017-11-12,2018-01-21,0.5462962962962963,-0.4444444444444444
acb,michalak michal||acb,"Michalak, Michal",17,2017-09-30,2018-01-21,10.36470588235294,1.411764705882353
acb,milosavljevic d.||acb,"Milosavljevic, D.",12,2017-10-01,2018-01-21,13.948611111111111,2.0833333333333335
acb,moerman adrien||acb,"Moerman, Adrien",15,2017-09-29,2018-01-07,21.54111111111111,9.933333333333334
acb,molins pol||acb,"Molins, Pol",1,2017-12-30,2017-12-30,0.0,0.0
acb,mumbru alex||acb,"Mumbru, Alex",17,2017-09-30,2018-01-21,23.895098039215686,12.117647058823529
acb,navarro david||acb,"Navarro, David",17,2017-09-30,2018-01-21,16.33137254901961,4.529411764705882
acb,navarro j.c.||acb,"Navarro, J.C.",16,2017-09-29,2018-01-14,12.384375,5.1875
acb,neal gary||acb,"Neal, Gary",14,2017-09-30,2018-01-21,28.095238095238095,15.0
acb,nedovic nemanja||acb,"Nedovic, Nemanja",17,2017-10-01,2018-01-21,21.136274509803922,9.764705882352942
acb,nelson luke||acb,"Nelson, Luke",17,2017-10-01,2018-01-21,24.569607843137256,5.0
acb,niang mamadou||acb,"Niang, Mamadou",17,2017-10-01,2018-01-21,6.355882352941176,2.6470588235294117
acb,nogues jose i.||acb,"Nogues, Jose I.",17,2017-10-05,2018-01-21,5.511764705882353,0.23529411764705882
acb,norel henk||acb,"Norel, Henk",17,2017-10-01,2018-01-21,24.412745098039213,21.176470588235293
acb,okouo viny||acb,"Okouo, Viny",17,2017-10-01,2018-01-21,2.4098039215686278,0.9411764705882353
acb,olaizola julen||acb,"Olaizola, Julen",15,2017-10-01,2018-01-21,0.6366666666666667,-0.06666666666666667
acb,olaseni gabriel||acb,"Olaseni, Gabriel",17,2017-09-30,2018-01-21,13.130392156862746,4.294117647058823
acb,oleary ian||acb,"O'Leary, Ian",17,2017-09-30,2018-01-21,23.481372549019607,8.0
acb,oleson brad||acb,"Oleson, Brad",17,2017-10-01,2018-01-21,24.177450980392155,8.411764705882353
acb,oliver albert||acb,"Oliver, Albert",16,2017-10-01,2018-01-14,18.28333333333333,9.0
acb,oriola pierre||acb,"Oriola, Pierre",15,2017-10-08,2018-01-21,18.62777777777778,9.866666666666667
acb,oroz xabi||acb,"Oroz, Xabi",16,2017-10-01,2018-01-21,9.570833333333333,0.9375
acb,pardina joan||acb,"Pardina, Joan",14,2017-10-01,2018-01-07,7.654761904761904,2.0
acb,parra joel||acb,"Parra, Joel",2,2017-12-03,2017-12-17,1.675,-0.5
acb,pasecniks anzejs||acb,"Pasecniks, Anzejs",17,2017-10-01,2018-01-21,18.052941176470586,8.235294117647058
acb,pauli oriol||acb,"Pauli, Oriol",16,2017-10-01,2018-01-14,16.008333333333333,7.0625
acb,pechacek adam||acb,"Pechacek, Adam",4,2017-09-30,2017-10-15,7.25,0.75
acb,pena dagoberto||acb,"Pena, Dagoberto",17,2017-10-05,2018-01-21,4.564705882352941,0.5294117647058824
acb,perez daniel||acb,"Perez, Daniel",17,2017-10-01,2018-01-21,21.186274509803923,6.588235294117647
acb,pleiss tibor||acb,"Pleiss, Tibor",17,2017-10-01,2018-01-21,19.376470588235293,13.352941176470589
acb,pluta andrzej||acb,"Pluta, Andrzej",2,2017-10-01,2018-01-07,0.0,0.0
acb,poirier vincent||acb,"Poirier, Vincent",17,2017-09-29,2018-01-21,15.77450980392157,8.117647058823529
acb,ponitka mateusz||acb,"Ponitka, Mateusz",15,2017-10-01,2018-01-21,24.66888888888889,20.066666666666666
acb,popovic marko||acb,"Popovic, Marko",17,2017-09-30,2018-01-21,26.03921568627451,13.941176470588236
acb,pozas pepe||acb,"Pozas, Pepe",17,2017-09-30,2018-01-21,20.45686274509804,7.823529411764706
acb,pressey phil||acb,"Pressey, Phil",17,2017-09-29,2018-01-21,12.683333333333334,5.411764705882353
acb,puerto josep||acb,"Puerto, Josep",9,2017-10-01,2018-01-13,2.7814814814814817,1.1111111111111112
acb,pustovyi artem||acb,"Pustovyi, Artem",17,2017-09-30,2018-01-21,25.39607843137255,14.647058823529411
acb,rabaseda xavi||acb,"Rabaseda, Xavi",16,2017-10-01,2018-01-21,14.008333333333333,5.5625
acb,radoncic dino||acb,"Radoncic, Dino",13,2017-10-01,2018-01-21,8.537179487179488,1.8461538461538463
acb,radovic nemanja||acb,"Radovic, Nemanja",17,2017-09-30,2018-01-21,19.529411764705884,7.764705882352941
acb,randle chasson||acb,"Randle, Chasson",14,2017-10-15,2018-01-21,9.14404761904762,1.2142857142857142
acb,randolph a.||acb,"Randolph, A.",6,2017-10-01,2017-11-12,24.38888888888889,14.166666666666666
acb,redivo lucio||acb,"Redivo, Lucio",16,2017-09-30,2018-01-21,18.671875,4.9375
acb,reyes felipe||acb,"Reyes, Felipe",17,2017-10-01,2018-01-21,15.922549019607843,12.352941176470589
acb,ribas pau||acb,"Ribas, Pau",17,2017-09-29,2018-01-21,16.935294117647057,7.117647058823529
acb,richard patrick||acb,"Richard, Patrick",16,2017-10-05,2018-01-21,24.31875,10.6875
acb,richotti nicolas||acb,"Richotti, Nicolas",15,2017-10-01,2018-01-07,20.744444444444447,6.4
acb,rojas sadiel||acb,"Rojas, Sadiel",17,2017-10-01,2018-01-21,21.304901960784314,6.823529411764706
acb,rudez damjan||acb,"Rudez, Damjan",12,2017-10-29,2018-01-21,8.079166666666666,1.3333333333333333
acb,rupnik luka||acb,"Rupnik, Luka",17,2017-09-30,2018-01-21,11.651960784313726,3.7058823529411766
acb,sabat albert||acb,"Sabat, Albert",17,2017-09-30,2018-01-21,17.105882352941176,4.588235294117647
acb,saiz sebas||acb,"Saiz, Sebas",17,2017-10-01,2018-01-21,16.40294117647059,8.705882352941176
acb,salgado javier||acb,"Salgado, Javier",17,2017-09-30,2018-01-21,8.591176470588236,3.1176470588235294
acb,salin sasu||acb,"Salin, Sasu",17,2017-10-01,2018-01-21,17.471568627450978,6.294117647058823
acb,salvo miquel||acb,"Salvo, Miquel",17,2017-10-01,2018-01-21,18.272549019607844,4.9411764705882355
acb,san emeterio||acb,San Emeterio,8,2017-11-05,2018-01-21,25.520833333333332,17.375
acb,san miguel r.||acb,"San Miguel, R.",17,2017-10-01,2018-01-21,25.3578431372549,7.235294117647059
acb,sanchez a.||acb,"Sanchez, A.",17,2017-10-01,2018-01-21,9.990196078431373,-0.6470588235294118
acb,sanders rakim||acb,"Sanders, Rakim",11,2017-09-29,2018-01-21,18.55909090909091,6.454545454545454
acb,sane landing||acb,"Sane, Landing",3,2018-01-06,2018-01-21,15.561111111111112,9.0
acb,sanz mikel||acb,"Sanz, Mikel",3,2017-10-15,2018-01-21,1.9166666666666667,-0.6666666666666666
acb,sastre joan||acb,"Sastre, Joan",8,2017-10-01,2018-01-21,22.639583333333334,10.0
acb,savane sitapha||acb,"Savane, Sitapha",17,2017-10-05,2018-01-21,10.134313725490196,3.411764705882353
acb,savic emil||acb,"Savic, Emil",2,2017-12-30,2018-01-14,0.0,0.0
acb,schilb blake||acb,"Schilb, Blake",16,2017-10-04,2018-01-21,24.114583333333332,11.1875
acb,schneider hugo||acb,"Schneider, Hugo",1,2017-11-19,2017-11-19,0.0,0.0
acb,schreiner thomas||acb,"Schreiner, Thomas",17,2017-10-01,2018-01-21,16.827450980392157,3.9411764705882355
acb,sedekerskis tadas||acb,"Sedekerskis, Tadas",12,2017-10-01,2017-12-16,7.079166666666667,3.25
acb,seeley dj||acb,"Seeley, DJ",17,2017-10-01,2018-01-21,22.41372549019608,9.352941176470589
acb,sekulic blagota||acb,"Sekulic, Blagota",17,2017-09-30,2018-01-21,19.676470588235293,7.882352941176471
acb,seraphin kevin||acb,"Seraphin, Kevin",14,2017-09-29,2018-01-02,18.601190476190478,10.142857142857142
acb,shengelia t.||acb,"Shengelia, T.",16,2017-10-05,2018-01-21,26.1375,20.875
acb,shermadini giorgi||acb,"Shermadini, Giorgi",17,2017-10-01,2018-01-21,17.59313725490196,15.470588235294118
acb,shurna john||acb,"Shurna, John",17,2017-10-01,2018-01-21,21.64901960784314,4.882352941176471
acb,simons benjamin||acb,"Simons, Benjamin",17,2017-09-30,2018-01-21,10.180392156862744,0.8823529411764706
acb,smits rolands||acb,"Smits, Rolands",17,2017-09-30,2018-01-21,23.93235294117647,9.235294117647058
acb,soko ovie||acb,"Soko, Ovie",17,2017-10-01,2018-01-21,21.840196078431372,8.588235294117647
acb,sola adams||acb,"Sola, Adams",4,2017-11-19,2017-12-31,2.183333333333333,0.5
acb,soluade morayo||acb,"Soluade, Morayo",8,2017-10-01,2018-01-02,4.89375,0.25
acb,spires nick||acb,"Spires, Nick",8,2017-12-03,2018-01-21,8.697916666666666,3.0
acb,stevic oliver||acb,"Stevic, Oliver",17,2017-10-01,2018-01-21,20.45294117647059,10.0
acb,suarez alex||acb,"Suarez, Alex",17,2017-09-30,2018-01-21,13.806862745098039,3.235294117647059
acb,suarez carlos||acb,"Suarez, Carlos",17,2017-10-01,2018-01-21,20.815686274509805,13.882352941176471
acb,suton goran||acb,"Suton, Goran",17,2017-10-05,2018-01-21,21.484313725490196,8.176470588235293
acb,swing jordan||acb,"Swing, Jordan",17,2017-10-01,2018-01-21,24.96078431372549,7.823529411764706
acb,tabu jonathan||acb,"Tabu, Jonathan",14,2017-09-30,2018-01-21,22.434523809523807,10.571428571428571
acb,tavares w.||acb,"Tavares, W.",10,2017-11-12,2018-01-21,21.073333333333334,11.5
acb,taylor jeffery||acb,"Taylor, Jeffery",15,2017-10-01,2018-01-21,16.065555555555555,4.6
acb,thomas devin||acb,"Thomas, Devin",8,2017-12-03,2018-01-21,19.108333333333334,13.125
acb,thomas matt||acb,"Thomas, Matt",16,2017-09-30,2018-01-21,27.36145833333333,14.5
acb,thomas will||acb,"Thomas, Will",17,2017-10-01,2018-01-21,24.526470588235295,9.470588235294118
acb,thompkins trey||acb,"Thompkins, Trey",12,2017-10-01,2018-01-21,19.808333333333334,8.416666666666666
acb,thompson deon||acb,"Thompson, Deon",17,2017-10-01,2018-01-21,27.94313725490196,14.823529411764707
acb,timma janis||acb,"Timma, Janis",16,2017-09-29,2018-01-21,24.407291666666666,7.1875
acb,tobey mike||acb,"Tobey, Mike",16,2017-10-01,2018-01-21,19.440625,11.3125
acb,todorovic dejan||acb,"Todorovic, Dejan",17,2017-09-30,2018-01-21,25.106862745098038,10.117647058823529
acb,tomas pere||acb,"Tomas, Pere",17,2017-09-30,2018-01-21,19.531372549019608,7.9411764705882355
acb,tomic ante||acb,"Tomic, Ante",14,2017-10-15,2018-01-21,14.596428571428572,10.5
acb,triguero j.||acb,"Triguero, J.",17,2017-09-30,2018-01-21,3.288235294117647,1.1176470588235294
acb,tumba kevin||acb,"Tumba, Kevin",17,2017-10-01,2018-01-21,18.064705882352943,5.470588235294118
acb,tvalabeishvili g.||acb,"Tvalabeishvili, G.",1,2018-01-06,2018-01-06,0.0,0.0
acb,uriz mikel||acb,"Uriz, Mikel",17,2017-10-01,2018-01-21,10.766666666666666,4.294117647058823
acb,urtasun alex||acb,"Urtasun, Alex",15,2017-10-01,2018-01-21,14.645555555555555,3.1333333333333333
acb,urtasun txemi||acb,"Urtasun, Txemi",4,2017-12-30,2018-01-21,6.8125,-1.25
acb,van lacke fede||acb,"Van Lacke, Fede",17,2017-10-01,2018-01-21,23.528431372549022,8.411764705882353
acb,van rossom sam||acb,"Van Rossom, Sam",17,2017-10-01,2018-01-21,22.279411764705884,10.529411764705882
acb,vargas gregory||acb,"Vargas, Gregory",17,2017-09-30,2018-01-21,22.275490196078433,4.235294117647059
acb,varnado jarvis||acb,"Varnado, Jarvis",17,2017-09-30,2018-01-21,21.442156862745097,10.823529411764707
acb,vasileiadis k.||acb,"Vasileiadis, K.",7,2017-12-10,2018-01-21,19.08095238095238,10.857142857142858
acb,vazquez fran||acb,"Vazquez, Fran",17,2017-10-01,2018-01-21,14.956862745098038,5.705882352941177
acb,vega javier||acb,"Vega, Javier",17,2017-10-01,2018-01-21,15.13137254901961,2.0588235294117645
acb,ventura albert||acb,"Ventura, Albert",17,2017-10-05,2018-01-21,20.565686274509805,6.235294117647059
acb,vezenkov a.||acb,"Vezenkov, A.",11,2017-09-29,2018-01-21,20.37121212121212,11.818181818181818
acb,vicedo edgar||acb,"Vicedo, Edgar",17,2017-10-05,2018-01-21,20.4078431372549,10.235294117647058
acb,vidal sergi||acb,"Vidal, Sergi",17,2017-10-05,2018-01-21,28.016666666666666,11.764705882352942
acb,vildoza luca||acb,"Vildoza, Luca",13,2017-09-29,2018-01-21,3.646153846153846,1.0769230769230769
acb,vives guillem||acb,"Vives, Guillem",12,2017-10-01,2017-12-17,19.772222222222222,5.25
acb,voigtmann j.||acb,"Voigtmann, J.",17,2017-09-29,2018-01-21,17.6078431372549,10.352941176470589
acb,vrabac adin||acb,"Vrabac, Adin",10,2017-10-01,2017-12-02,2.828333333333333,-0.1
acb,vucetic vasilije||acb,"Vucetic, Vasilije",16,2017-09-30,2018-01-21,6.504166666666666,-0.5625
acb,waczynski adam||acb,"Waczynski, Adam",17,2017-10-01,2018-01-21,18.727450980392156,7.9411764705882355
acb,walker david||acb,"Walker, David",17,2017-10-01,2018-01-21,22.595098039215685,5.764705882352941
acb,wayns maalik||acb,"Wayns, Maalik",13,2017-10-29,2018-01-21,21.57179487179487,7.923076923076923
acb,white davin||acb,"White, Davin",16,2017-10-01,2018-01-21,17.096875,3.3125
acb,yusta santiago||acb,"Yusta, Santiago",16,2017-10-01,2018-01-21,12.05,3.625
acb,zagorac rade||acb,"Zagorac, Rade",7,2017-12-02,2018-01-21,6.1499999999999995,1.2857142857142858
eurocup,aguilar pablo||eurocup,"Aguilar, Pablo",10,2017-10-11,2018-01-16,14.961666666666668,9.8
eurocup,akpinar ismet||eurocup,"Akpinar, Ismet",9,2017-10-10,2017-12-27,20.73888888888889,5.777777777777778
eurocup,albicy andrew||eurocup,"Albicy, Andrew",9,2017-10-11,2017-12-20,23.025925925925925,7.888888888888889
eurocup,aldemir furkan||eurocup,"Aldemir, Furkan",8,2017-10-11,2018-01-10,12.83125,6.0
eurocup,andric mihajlo||eurocup,"Andric, Mihajlo",10,2017-10-11,2017-12-27,20.013333333333332,1.4
eurocup,andusic danilo||eurocup,"Andusic, Danilo",9,2017-11-08,2018-01-16,8.72037037037037,2.5555555555555554
eurocup,antipov pavel||eurocup,"Antipov, Pavel",12,2017-10-11,2018-01-16,17.883333333333333,5.666666666666667
eurocup,aranitovic aleksandar||eurocup,"Aranitovic, Aleksandar",10,2017-10-11,2017-12-27,13.081666666666667,1.3
eurocup,arar ege||eurocup,"Arar, Ege",13,2017-10-11,2018-01-16,12.523076923076925,3.769230769230769
eurocup,arslan yigit||eurocup,"Arslan, Yigit",10,2017-10-10,2017-12-26,9.11,4.2
eurocup,aukstikalnis lukas||eurocup,"Aukstikalnis, Lukas",10,2017-10-11,2017-12-27,4.9366666666666665,0.7
eurocup,aydin serkan||eurocup,"Aydin, Serkan",13,2017-10-11,2018-01-16,0.22179487179487178,0.46153846153846156
eurocup,babb chris||eurocup,"Babb, Chris",11,2017-10-11,2018-01-16,21.67878787878788,8.818181818181818
eurocup,baburin evgeny||eurocup,"Baburin, Evgeny",10,2017-10-11,2018-01-16,1.3816666666666666,-0.2
eurocup,baez eulis||eurocup,"Baez, Eulis",13,2017-10-11,2018-01-16,21.358974358974358,11.384615384615385
eurocup,bajo darko||eurocup,"Bajo, Darko",4,2017-10-11,2017-12-27,0.0,0.0
eurocup,balcerowski aleksander||eurocup,"Balcerowski, Aleksander",1,2017-12-06,2017-12-06,1.3666666666666667,2.0
eurocup,baldi rossi filippo||eurocup,"Baldi Rossi, Filippo",6,2017-10-11,2017-11-14,11.261111111111111,1.0
eurocup,balvin ondrej||eurocup,"Balvin, Ondrej",13,2017-10-11,2018-01-16,23.306410256410256,16.384615384615383
eurocup,barinov nikita||eurocup,"Barinov, Nikita",12,2017-10-11,2018-01-17,3.1333333333333333,0.3333333333333333
eurocup,baron jimmy||eurocup,"Baron, Jimmy",13,2017-10-11,2018-01-17,24.22051282051282,7.076923076923077
eurocup,barovic filip||eurocup,"Barovic, Filip",8,2017-10-11,2018-01-17,16.439583333333335,10.875
eurocup,barthel danilo||eurocup,"Barthel, Danilo",13,2017-10-11,2018-01-17,19.087179487179487,9.76923076923077
eurocup,bartolome hugo||eurocup,"Bartolome, Hugo",1,2017-12-27,2017-12-27,0.0,0.0
eurocup,baygul muhammed||eurocup,"Baygul, Muhammed",12,2017-10-11,2018-01-17,5.133333333333333,0.9166666666666666
eurocup,bayram kadir||eurocup,"Bayram, Kadir",8,2017-10-10,2017-12-26,0.0,0.0
eurocup,bazille timothee||eurocup,"Bazille, Timothee",9,2017-10-11,2018-01-17,1.6240740740740742,0.0
eurocup,behanan chane||eurocup,"Behanan, Chane",7,2017-10-11,2017-12-05,25.423809523809524,15.142857142857142
eurocup,bell james||eurocup,"Bell, James",13,2017-10-11,2018-01-17,23.592307692307692,7.846153846153846
eurocup,benimon jerrelle||eurocup,"Benimon, Jerrelle",5,2017-11-08,2017-12-19,24.490000000000002,14.0
eurocup,beyschlag georg||eurocup,"Beyschlag, Georg",1,2017-12-13,2017-12-13,2.6666666666666665,0.0
eurocup,bille aleksandr||eurocup,"Bille, Aleksandr",1,2017-11-08,2017-11-08,0.0,0.0
eurocup,blazic jaka||eurocup,"Blazic, Jaka",10,2017-10-11,2017-12-27,19.60333333333333,13.1
eurocup,bojic bogdan||eurocup,"Bojic, Bogdan",9,2017-10-11,2018-01-03,0.2962962962962963,-0.1111111111111111
eurocup,bonacini federico||eurocup,"Bonacini, Federico",12,2017-10-11,2018-01-16,0.6902777777777779,-0.08333333333333333
eurocup,booker devin||eurocup,"Booker, Devin",13,2017-10-11,2018-01-17,20.57948717948718,15.76923076923077
eurocup,bouteille axel||eurocup,"Bouteille, Axel",13,2017-10-11,2018-01-17,23.21923076923077,13.076923076923077
eurocup,bretzel nicolas||eurocup,"Bretzel, Nicolas",1,2017-12-27,2017-12-27,1.8833333333333333,-1.0
eurocup,briki sofiane||eurocup,"Briki, Sofiane",7,2017-10-17,2018-01-17,0.780952380952381,0.5714285714285714
eurocup,broekhoff ryan||eurocup,"Broekhoff, Ryan",13,2017-10-11,2018-01-16,26.138461538461538,16.307692307692307
eurocup,brussino nicolas||eurocup,"Brussino, Nicolas",2,2018-01-10,2018-01-16,13.133333333333333,2.5
eurocup,butkevicius arnas||eurocup,"Butkevicius, Arnas",5,2017-12-20,2018-01-17,15.596666666666668,3.6
eurocup,butler da sean||eurocup,"Butler, Da Sean",10,2017-10-10,2017-12-27,24.673333333333336,11.5
eurocup,butterfield spencer||eurocup,"Butterfield, Spencer",9,2017-10-11,2017-12-20,25.368518518518517,9.777777777777779
eurocup,cakarevic marko||eurocup,"Cakarevic, Marko",3,2017-10-24,2017-12-05,22.98888888888889,10.0
eurocup,campbell louis||eurocup,"Campbell, Louis",10,2017-10-11,2017-12-27,23.32,6.7
eurocup,candi leonardo||eurocup,"Candi, Leonardo",13,2017-10-11,2018-01-16,16.952564102564104,2.1538461538461537
eurocup,carter josh||eurocup,"Carter, Josh",13,2017-10-11,2018-01-17,22.183333333333334,6.384615384615385
eurocup,carter marc||eurocup,"Carter, Marc",4,2017-10-11,2017-11-01,14.345833333333333,5.5
eurocup,carter robert||eurocup,"Carter, Robert",6,2017-10-11,2017-11-15,12.766666666666666,6.5
eurocup,cepukaitis vaidas||eurocup,"Cepukaitis, Vaidas",10,2017-10-11,2017-12-27,15.601666666666665,7.3
eurocup,cervi riccardo||eurocup,"Cervi, Riccardo",3,2017-10-11,2018-01-16,11.22777777777778,2.0
eurocup,cherry will||eurocup,"Cherry, will",13,2017-10-11,2018-01-16,26.642307692307693,11.23076923076923
eurocup,christmas rakeem||eurocup,"Christmas, Rakeem",5,2017-10-11,2017-11-08,15.99,4.4
eurocup,cipolla alessandro||eurocup,"Cipolla, Alessandro",4,2017-10-25,2017-11-15,0.0,0.0
eurocup,clifford dennis||eurocup,"Clifford, Dennis",13,2017-10-11,2018-01-17,21.338461538461537,11.461538461538462
eurocup,cline tj||eurocup,"Cline, Tj",4,2017-10-11,2017-11-01,9.479166666666668,3.25
eurocup,collins mardy||eurocup,"Collins, Mardy",13,2017-10-11,2018-01-16,21.925641025641028,7.769230769230769
eurocup,colom guillem||eurocup,"Colom, Guillem",10,2017-10-11,2017-12-27,7.686666666666667,1.3
eurocup,colom quino||eurocup,"Colom, Quino",13,2017-10-11,2018-01-16,25.534615384615385,17.692307692307693
eurocup,conklin brian||eurocup,"Conklin, Brian",12,2017-10-11,2018-01-17,19.230555555555554,8.333333333333334
eurocup,conti luca||eurocup,"Conti, Luca",4,2017-12-05,2018-01-03,0.44999999999999996,-0.25
eurocup,copeland chris||eurocup,"Copeland, Chris",2,2017-12-06,2017-12-13,6.366666666666666,0.0
eurocup,crocker tony||eurocup,"Crocker, Tony",9,2017-10-17,2017-12-26,22.55185185185185,8.222222222222221
eurocup,cummings will||eurocup,"Cummings, will",13,2017-10-11,2018-01-17,22.355128205128207,8.0
eurocup,cunningham jared||eurocup,"Cunningham, Jared",13,2017-10-11,2018-01-17,21.15897435897436,9.153846153846153
eurocup,daye austin||eurocup,"Daye, Austin",10,2017-10-11,2017-12-27,18.015,7.5
eurocup,de vico niccolo||eurocup,"De Vico, Niccolo",11,2017-10-11,2018-01-02,14.9,0.8181818181818182
eurocup,dedovic nihad||eurocup,"Dedovic, Nihad",13,2017-10-11,2018-01-17,18.006410256410255,10.307692307692308
eurocup,della valle amedeo||eurocup,"Della Valle, Amedeo",12,2017-10-11,2018-01-16,31.394444444444446,22.75
eurocup,dellosto nicolo||eurocup,"Dellosto, Nicolo",2,2017-12-06,2017-12-13,0.0,0.0
eurocup,diagne moussa||eurocup,"Diagne, Moussa",10,2017-10-11,2017-12-27,17.011666666666667,10.1
eurocup,diaw boris||eurocup,"Diaw, Boris",9,2017-10-11,2017-12-20,28.22222222222222,18.0
eurocup,drescher hendrik||eurocup,"Drescher, Hendrik",3,2017-11-08,2018-01-17,0.0,0.0
eurocup,durmaz berkan||eurocup,"Durmaz, Berkan",4,2017-10-10,2017-11-01,0.004166666666666667,0.0
eurocup,dyson jerome||eurocup,"Dyson, Jerome",10,2017-10-11,2017-12-27,31.33833333333333,16.5
eurocup,eboh tim||eurocup,"Eboh, Tim",3,2017-10-11,2017-10-31,0.0,0.0
eurocup,echodas martynas||eurocup,"Echodas, Martynas",13,2017-10-11,2018-01-17,15.956410256410257,9.384615384615385
eurocup,ejim melvin||eurocup,"Ejim, Melvin",13,2017-10-11,2018-01-16,24.01923076923077,8.692307692307692
eurocup,elegar frank||eurocup,"Elegar, Frank",12,2017-10-18,2018-01-16,20.601388888888888,14.0
eurocup,elias-pour ram||eurocup,"Elias-Pour, Ram",5,2017-10-11,2017-12-27,3.6766666666666667,0.6
eurocup,eliezer cyrille||eurocup,"Eliezer, Cyrille",8,2017-10-11,2017-12-27,11.670833333333334,1.875
eurocup,eliyahu lior||eurocup,"Eliyahu, Lior",10,2017-10-11,2017-12-27,9.905,3.8
eurocup,english aj||eurocup,"English, Aj",4,2017-10-18,2017-11-15,8.141666666666666,0.0
eurocup,eric michael||eurocup,"Eric, Michael",13,2017-10-11,2018-01-17,18.92820512820513,10.384615384615385
eurocup,eriksson marcus||eurocup,"Eriksson, Marcus",12,2017-10-11,2018-01-16,24.42638888888889,13.333333333333334
eurocup,ermis baris||eurocup,"Ermis, Baris",10,2017-10-10,2017-12-26,22.32,10.6
eurocup,fernandez jaime||eurocup,"Fernandez, Jaime",10,2017-10-11,2017-12-27,18.825,9.7
eurocup,ferner joschka||eurocup,"Ferner, Joschka",9,2017-10-10,2017-12-27,8.187037037037037,3.111111111111111
eurocup,fevrier ivan||eurocup,"Fevrier, Ivan",9,2017-10-11,2017-12-27,9.833333333333334,0.2222222222222222
eurocup,fischer lucas||eurocup,"Fischer, Lucas",13,2017-10-11,2018-01-16,8.675641025641026,3.6153846153846154
eurocup,fischer ricardo||eurocup,"Fischer, Ricardo",9,2017-10-11,2017-12-20,16.642592592592592,4.666666666666667
eurocup,flaccadori diego||eurocup,"Flaccadori, Diego",13,2017-10-11,2018-01-17,22.055128205128206,5.538461538461538
eurocup,forray toto||eurocup,"Forray, Toto",13,2017-10-11,2018-01-17,22.616666666666667,6.461538461538462
eurocup,fotu isaac||eurocup,"Fotu, Isaac",10,2017-10-10,2017-12-27,23.77,9.3
eurocup,francisco sylvain||eurocup,"Francisco, Sylvain",10,2017-10-11,2017-12-27,16.60333333333333,7.0
eurocup,franke yannick||eurocup,"Franke, Yannick",13,2017-10-11,2018-01-17,7.906410256410256,3.1538461538461537
eurocup,gacic sandro||eurocup,"Gacic, Sandro",2,2017-10-31,2017-12-27,1.8916666666666666,-0.5
eurocup,garrett diante||eurocup,"Garrett, Diante",13,2017-10-11,2018-01-17,30.121794871794876,14.384615384615385
eurocup,gavel anton||eurocup,"Gavel, Anton",13,2017-10-11,2018-01-17,18.6,4.923076923076923
eurocup,gavrilovic strahinja||eurocup,"Gavrilovic, Strahinja",8,2017-10-11,2017-12-27,15.356250000000001,3.75
eurocup,gegic amar||eurocup,"Gegic, Amar",5,2017-11-08,2017-12-27,1.16,0.0
eurocup,gerasimov timofei||eurocup,"Gerasimov, Timofei",1,2017-12-20,2017-12-20,2.2333333333333334,-1.0
eurocup,gibson danny||eurocup,"Gibson, Danny",13,2017-10-11,2018-01-17,20.60897435897436,5.846153846153846
eurocup,gibson kyle||eurocup,"Gibson, Kyle",13,2017-10-11,2018-01-17,28.65128205128205,7.461538461538462
eurocup,giedraitis rokas||eurocup,"Giedraitis, Rokas",13,2017-10-11,2018-01-17,24.81282051282051,11.538461538461538
eurocup,giffey niels||eurocup,"Giffey, Niels",9,2017-10-11,2018-01-17,20.5962962962963,7.555555555555555
eurocup,girdziunas mindaugas||eurocup,"Girdziunas, Mindaugas",5,2017-12-20,2018-01-17,13.953333333333333,5.6
eurocup,gladness mickell||eurocup,"Gladness, Mickell",10,2017-10-11,2017-12-27,20.268333333333334,11.2
eurocup,gomes beto||eurocup,"Gomes, Beto",13,2017-10-11,2018-01-17,28.5525641025641,11.076923076923077
eurocup,gordic nemanja||eurocup,"Gordic, Nemanja",13,2017-10-11,2018-01-17,27.107692307692307,9.307692307692308
eurocup,gordon drew||eurocup,"Gordon, Drew",12,2017-10-11,2018-01-10,23.675,17.583333333333332
eurocup,grigonis marius||eurocup,"Grigonis, Marius",13,2017-10-11,2018-01-17,24.29615384615385,12.307692307692308
eurocup,guenther per||eurocup,"Guenther, per",8,2017-10-17,2017-12-19,17.208333333333332,1.625
eurocup,gutierrez jorge||eurocup,"Gutierrez, Jorge",13,2017-10-11,2018-01-17,20.496153846153845,8.076923076923077
eurocup,halperin yotam||eurocup,"Halperin, Yotam",10,2017-10-11,2017-12-27,14.194999999999999,4.2
eurocup,hammink shane||eurocup,"Hammink, Shane",10,2017-10-11,2017-12-27,18.938333333333333,5.5
eurocup,harangody luke||eurocup,"Harangody, Luke",7,2017-10-10,2017-12-19,24.597619047619048,13.857142857142858
eurocup,hardy dwight||eurocup,"Hardy, Dwight",13,2017-10-11,2018-01-16,29.311538461538458,12.23076923076923
eurocup,harper demonte||eurocup,"Harper, Demonte",13,2017-10-11,2018-01-17,25.064102564102562,10.153846153846153
eurocup,harper justin||eurocup,"Harper, Justin",13,2017-10-11,2018-01-17,19.5525641025641,8.538461538461538
eurocup,hayes kenny||eurocup,"Hayes, Kenny",13,2017-10-11,2018-01-17,25.07179487179487,11.384615384615385
eurocup,hendrix richard||eurocup,"Hendrix, Richard",12,2017-10-11,2018-01-10,20.436111111111114,14.416666666666666
eurocup,henry pierria||eurocup,"Henry, Pierria",10,2017-10-10,2017-12-26,25.583333333333336,16.3
eurocup,hervelle axel||eurocup,"Hervelle, Axel",10,2017-10-11,2017-12-27,18.54,6.6
eurocup,hobbs braydon||eurocup,"Hobbs, Braydon",13,2017-10-11,2018-01-17,20.84102564102564,10.076923076923077
eurocup,hogue dustin||eurocup,"Hogue, Dustin",5,2017-12-20,2018-01-17,23.516666666666666,19.0
eurocup,hopson scotty||eurocup,"Hopson, Scotty",13,2017-10-11,2018-01-16,21.76282051282051,11.692307692307692
eurocup,howard william||eurocup,"Howard, William",13,2017-10-11,2018-01-17,23.5525641025641,9.692307692307692
eurocup,howell richard||eurocup,"Howell, Richard",7,2017-10-11,2017-12-06,19.623809523809523,11.285714285714286
eurocup,hundt bennet||eurocup,"Hundt, Bennet",10,2017-10-11,2017-12-27,6.9816666666666665,0.6
eurocup,iannuzzi antonio||eurocup,"Iannuzzi, Antonio",13,2017-10-11,2018-01-17,19.930769230769233,5.923076923076923
eurocup,ilic aleksa||eurocup,"Ilic, Aleksa",11,2017-10-11,2018-01-17,17.833333333333332,7.0
eurocup,ilnitskiy stanislav||eurocup,"Ilnitskiy, Stanislav",10,2017-10-11,2018-01-16,5.078333333333333,0.8
eurocup,ivanovic nikola||eurocup,"Ivanovic, Nikola",13,2017-10-11,2018-01-17,25.184615384615384,16.153846153846153
eurocup,ivlev vladimir||eurocup,"Ivlev, Vladimir",12,2017-10-11,2018-01-16,9.545833333333333,2.0833333333333335
eurocup,jaiteh mam||eurocup,"Jaiteh, Mam",13,2017-10-11,2018-01-17,22.819230769230767,11.538461538461538
eurocup,jallow karim||eurocup,"Jallow, Karim",6,2017-11-08,2018-01-17,1.0361111111111112,0.8333333333333334
eurocup,jankovic vladimir||eurocup,"Jankovic, Vladimir",9,2017-10-11,2017-12-27,18.74074074074074,7.888888888888889
eurocup,jasaitis simas||eurocup,"Jasaitis, Simas",10,2017-10-11,2017-12-27,17.048333333333336,7.2
eurocup,jelinek david||eurocup,"Jelinek, David",10,2017-10-11,2017-12-27,18.926666666666666,2.7
eurocup,jerrells curtis||eurocup,"Jerrells, Curtis",2,2017-10-11,2017-10-17,32.63333333333333,18.5
eurocup,johnson chris||eurocup,"Johnson, Chris",12,2017-10-11,2018-01-16,8.356944444444444,2.6666666666666665
eurocup,johnson jajuan||eurocup,"Johnson, Jajuan",13,2017-10-11,2018-01-17,31.41025641025641,18.153846153846153
eurocup,jomantas arturas||eurocup,"Jomantas, Arturas",13,2017-10-11,2018-01-17,12.974358974358974,3.3076923076923075
eurocup,jones andre||eurocup,"Jones, Andre",13,2017-10-11,2018-01-17,12.612820512820512,0.5384615384615384
eurocup,jovanovic slobodan||eurocup,"Jovanovic, Slobodan",3,2017-11-08,2017-12-27,0.022222222222222223,0.0
eurocup,jovic stefan||eurocup,"Jovic, Stefan",8,2017-10-11,2018-01-17,16.375,5.875
eurocup,joyce dru||eurocup,"Joyce, Dru",9,2017-11-07,2018-01-17,21.942592592592593,6.444444444444445
eurocup,juskevicius adas||eurocup,"Juskevicius, Adas",10,2017-10-11,2017-12-27,27.98333333333333,12.9
eurocup,kaba alpha||eurocup,"Kaba, Alpha",13,2017-10-11,2018-01-17,15.824358974358974,8.23076923076923
eurocup,kadji kenny||eurocup,"Kadji, Kenny",10,2017-10-10,2017-12-26,23.475,8.3
eurocup,kahudi charles||eurocup,"Kahudi, Charles",12,2017-10-11,2018-01-17,27.47083333333333,12.333333333333334
eurocup,kaimakoglou kostas||eurocup,"Kaimakoglou, Kostas",4,2017-10-11,2017-11-01,15.9125,4.75
eurocup,karasev sergey||eurocup,"Karasev, Sergey",13,2017-10-11,2018-01-17,29.067948717948717,14.923076923076923
eurocup,karnowski przemek||eurocup,"Karnowski, Przemek",10,2017-10-11,2017-12-27,18.285,7.2
eurocup,katic toni||eurocup,"Katic, Toni",13,2017-10-11,2018-01-16,8.35897435897436,1.6923076923076923
eurocup,kempton tim||eurocup,"Kempton, Tim",4,2017-10-11,2017-11-01,9.875,5.75
eurocup,khvostov dmitry||eurocup,"Khvostov, Dmitry",12,2017-10-11,2018-01-16,14.293055555555554,2.6666666666666665
eurocup,kidd stanton||eurocup,"Kidd, Stanton",13,2017-10-11,2018-01-17,15.306410256410256,5.923076923076923
eurocup,king alex||eurocup,"King, Alex",13,2017-10-11,2018-01-17,6.384615384615385,1.6923076923076923
eurocup,kinsey tarence||eurocup,"Kinsey, Tarence",7,2017-11-01,2017-12-27,22.833333333333332,7.714285714285714
eurocup,kljajic jovan||eurocup,"Kljajic, Jovan",1,2017-12-06,2017-12-06,0.7333333333333333,3.0
eurocup,koksal goksenin||eurocup,"Koksal, Goksenin",13,2017-10-11,2018-01-16,17.006410256410255,3.8461538461538463
eurocup,kolesnikov evgeny||eurocup,"Kolesnikov, Evgeny",11,2017-10-11,2018-01-16,8.274242424242424,-0.2727272727272727
eurocup,konuk mert||eurocup,"Konuk, Mert",3,2017-10-10,2017-12-13,0.0,0.0
eurocup,koshcheev andrey||eurocup,"Koshcheev, Andrey",5,2017-10-11,2017-12-06,7.683333333333333,0.2
eurocup,kosut emircan||eurocup,"Kosut, Emircan",9,2017-10-18,2018-01-17,5.851851851851851,1.6666666666666667
eurocup,kraemer david||eurocup,"Kraemer, David",8,2017-10-10,2017-12-27,9.710416666666667,4.25
eurocup,kramer chris||eurocup,"Kramer, Chris",12,2017-10-11,2018-01-17,27.443055555555556,16.083333333333332
eurocup,kruslin filip||eurocup,"Kruslin, Filip",11,2017-10-11,2018-01-03,23.116666666666667,6.363636363636363
eurocup,kulagin dmitry||eurocup,"Kulagin, Dmitry",9,2017-11-01,2018-01-16,23.175925925925927,11.666666666666666
eurocup,kuric kyle||eurocup,"Kuric, Kyle",13,2017-10-11,2018-01-17,24.670512820512823,15.307692307692308
eurocup,lacey trevor||eurocup,"Lacey, Trevor",12,2017-10-11,2018-01-16,21.184722222222224,13.25
eurocup,landry kyle||eurocup,"Landry, Kyle",13,2017-10-11,2018-01-17,19.957692307692305,9.615384615384615
eurocup,lang nicolas||eurocup,"Lang, Nicolas",10,2017-10-11,2018-01-17,13.066666666666666,2.3
eurocup,laprovittola nicolas||eurocup,"Laprovittola, Nicolas",10,2017-10-11,2017-12-26,12.02,8.0
eurocup,lasme stephane||eurocup,"Lasme, Stephane",13,2017-10-11,2018-01-16,27.726923076923075,20.53846153846154
eurocup,lavrinovic darjus||eurocup,"Lavrinovic, Darjus",10,2017-10-11,2017-12-27,14.011666666666667,10.3
eurocup,lavrinovic ksistof||eurocup,"Lavrinovic, Ksistof",10,2017-10-11,2017-12-27,22.273333333333333,11.5
eurocup,lazarev ivan||eurocup,"Lazarev, Ivan",10,2017-10-11,2018-01-17,6.661666666666666,2.0
eurocup,lechthaler luca||eurocup,"Lechthaler, Luca",13,2017-10-11,2018-01-17,6.044871794871795,0.6923076923076923
eurocup,leonavicius gintaras||eurocup,"Leonavicius, Gintaras",10,2017-10-11,2017-12-27,13.513333333333332,1.1
eurocup,lesca remy||eurocup,"Lesca, Remy",10,2017-10-11,2017-12-27,15.821666666666667,3.9
eurocup,leslie travis||eurocup,"Leslie, Travis",4,2017-12-06,2017-12-27,28.7,10.5
eurocup,levshin denis||eurocup,"Levshin, Denis",1,2017-12-20,2017-12-20,3.1,0.0
eurocup,lewis trey||eurocup,"Lewis, Trey",10,2017-10-10,2017-12-27,23.935,9.8
eurocup,lighty david||eurocup,"Lighty, David",13,2017-10-11,2018-01-17,25.583333333333332,10.307692307692308
eurocup,llompart pedro||eurocup,"Llompart, Pedro",7,2017-12-06,2018-01-16,22.885714285714283,3.7142857142857144
eurocup,lockett trent||eurocup,"Lockett, Trent",13,2017-10-11,2018-01-16,27.47307692307692,10.307692307692308
eurocup,lopez javi||eurocup,"Lopez, Javi",1,2018-01-02,2018-01-02,0.0,0.0
eurocup,loubaki fred||eurocup,"Loubaki, Fred",6,2017-11-08,2017-12-27,1.1083333333333332,-0.3333333333333333
eurocup,lucas kalin||eurocup,"Lucas, Kalin",6,2017-11-08,2017-12-27,21.291666666666668,6.666666666666667
eurocup,lucic vladimir||eurocup,"Lucic, Vladimir",3,2017-10-11,2017-10-25,23.677777777777777,19.0
eurocup,lukauskis mindaugas||eurocup,"Lukauskis, Mindaugas",12,2017-10-11,2018-01-17,15.225,4.5
eurocup,lydeka tautvydas||eurocup,"Lydeka, Tautvydas",7,2017-12-05,2018-01-17,17.133333333333333,8.714285714285714
eurocup,macvan milan||eurocup,"Macvan, Milan",12,2017-10-11,2018-01-17,22.4375,13.833333333333334
eurocup,madgen ben||eurocup,"Madgen, Ben",8,2017-10-11,2018-01-17,18.775000000000002,3.875
eurocup,maledon theo||eurocup,"Maledon, Theo",8,2017-10-17,2018-01-17,1.3729166666666668,-0.125
eurocup,maric nikola||eurocup,"Maric, Nikola",3,2017-10-11,2017-10-25,0.0,0.0
eurocup,marinkovic vanja||eurocup,"Marinkovic, Vanja",9,2017-10-11,2017-12-27,25.303703703703704,8.555555555555555
eurocup,markoishvili manuchar||eurocup,"Markoishvili, Manuchar",13,2017-10-11,2018-01-16,27.657692307692308,7.615384615384615
eurocup,markota damir||eurocup,"Markota, Damir",7,2017-12-06,2018-01-16,16.923809523809524,6.0
eurocup,mattisseck jonas||eurocup,"Mattisseck, Jonas",3,2017-12-12,2018-01-17,1.4611111111111112,0.6666666666666666
eurocup,mavrokefalidis loukas||eurocup,"Mavrokefalidis, Loukas",11,2017-10-11,2018-01-17,24.268181818181816,16.818181818181817
eurocup,mayor igor||eurocup,"Mayor, Igor",5,2017-10-17,2017-11-15,0.0,0.0
eurocup,mazzola valerio||eurocup,"Mazzola, Valerio",13,2017-10-11,2018-01-17,10.92051282051282,1.0769230769230769
eurocup,mbakwe trevor||eurocup,"Mbakwe, Trevor",11,2017-10-11,2018-01-17,20.753030303030304,11.909090909090908
eurocup,mckissic shaquielle||eurocup,"Mckissic, Shaquielle",6,2017-10-11,2017-11-14,14.444444444444443,8.0
eurocup,meiers martins||eurocup,"Meiers, Martins",7,2017-10-11,2017-12-06,5.416666666666667,1.0
eurocup,mejia sammy||eurocup,"Mejia, Sammy",10,2017-10-10,2017-12-26,29.583333333333332,13.3
eurocup,mekel gal||eurocup,"Mekel, Gal",13,2017-10-11,2018-01-16,20.434615384615384,9.692307692307692
eurocup,melian luis||eurocup,"Melian, Luis",1,2017-12-13,2017-12-13,0.0,0.0
eurocup,mendia borja||eurocup,"Mendia, Borja",10,2017-10-11,2017-12-27,1.7766666666666666,-0.3
eurocup,miller patrick||eurocup,"Miller, Patrick",10,2017-10-11,2017-12-27,26.348333333333336,16.2
eurocup,mockevicius egidijus||eurocup,"Mockevicius, Egidijus",5,2017-12-20,2018-01-17,15.2,10.8
eurocup,morency jean-frederic||eurocup,"Morency, Jean-Frederic",13,2017-10-11,2018-01-17,14.234615384615385,3.5384615384615383
eurocup,morgan raymar||eurocup,"Morgan, Raymar",10,2017-10-10,2017-12-26,30.118333333333332,14.1
eurocup,motovilov grigory||eurocup,"Motovilov, Grigory",2,2017-10-18,2017-11-08,0.0,0.0
eurocup,mumbru alex||eurocup,"Mumbru, Alex",10,2017-10-11,2017-12-27,22.705000000000002,12.4
eurocup,murphy kevin||eurocup,"Murphy, Kevin",13,2017-10-11,2018-01-16,16.32179487179487,8.23076923076923
eurocup,murry toure||eurocup,"Murry, Toure",10,2017-10-10,2017-12-27,22.958333333333336,8.5
eurocup,musa dzanan||eurocup,"Musa, Dzanan",13,2017-10-11,2018-01-16,20.333333333333332,12.0
eurocup,mussini federico||eurocup,"Mussini, Federico",13,2017-10-11,2018-01-16,11.202564102564102,-0.46153846153846156
eurocup,ndour maurice||eurocup,"Ndour, Maurice",6,2017-12-13,2018-01-16,18.525000000000002,8.166666666666666
eurocup,nelson demarcus||eurocup,"Nelson, Demarcus",10,2017-10-11,2018-01-17,21.19833333333333,7.1
eurocup,nelyubov ivan||eurocup,"Nelyubov, Ivan",2,2017-10-11,2017-10-24,0.0,0.0
eurocup,nevels garrett||eurocup,"Nevels, Garrett",7,2017-10-11,2018-01-16,13.830952380952382,4.142857142857143
eurocup,nichols demetris||eurocup,"Nichols, Demetris",12,2017-10-11,2018-01-16,29.52638888888889,11.333333333333334
eurocup,nikic kresimir||eurocup,"Nikic, Kresimir",6,2017-10-11,2018-01-10,5.772222222222222,0.5
eurocup,nikolic danilo||eurocup,"Nikolic, Danilo",12,2017-10-11,2018-01-17,15.566666666666668,2.5833333333333335
eurocup,nikolic zoran||eurocup,"Nikolic, Zoran",13,2017-10-11,2018-01-17,14.906410256410256,8.23076923076923
eurocup,normantas margiris||eurocup,"Normantas, Margiris",9,2017-10-11,2017-12-20,1.82962962962963,0.4444444444444444
eurocup,noua amine||eurocup,"Noua, Amine",12,2017-10-11,2018-01-17,22.477777777777778,8.5
eurocup,nwaelele onyenma||eurocup,"Nwaelele, Onyenma",4,2017-10-11,2017-10-31,17.208333333333332,4.0
eurocup,odom roderick||eurocup,"Odom, Roderick",7,2017-10-31,2017-12-27,25.604761904761908,8.428571428571429
eurocup,ogunsipe marvin||eurocup,"Ogunsipe, Marvin",1,2017-11-15,2017-11-15,0.0,0.0
eurocup,ohayon yogev||eurocup,"Ohayon, Yogev",9,2017-10-17,2017-12-27,21.20925925925926,1.7777777777777777
eurocup,ohlbrecht tim||eurocup,"Ohlbrecht, Tim",1,2017-12-27,2017-12-27,16.366666666666667,11.0
eurocup,okeke david||eurocup,"Okeke, David",13,2017-10-11,2018-01-17,12.792307692307693,5.153846153846154
eurocup,oliver albert||eurocup,"Oliver, Albert",13,2017-10-11,2018-01-16,16.887179487179488,7.538461538461538
eurocup,omic alen||eurocup,"Omic, Alen",10,2017-10-11,2017-12-27,16.966666666666665,7.3
eurocup,owens josh||eurocup,"Owens, Josh",10,2017-10-10,2017-12-26,19.533333333333335,10.3
eurocup,ozdemiroglu dogus||eurocup,"Ozdemiroglu, Dogus",13,2017-10-11,2018-01-17,4.607692307692308,0.15384615384615385
eurocup,ozmizrak kartal||eurocup,"Ozmizrak, Kartal",13,2017-10-11,2018-01-17,8.697435897435897,3.3076923076923075
eurocup,pape till||eurocup,"Pape, Till",9,2017-10-10,2017-12-27,3.1444444444444444,-0.1111111111111111
eurocup,parente davide||eurocup,"Parente, Davide",13,2017-10-11,2018-01-17,0.18205128205128204,-0.15384615384615385
eurocup,pasecniks anzejs||eurocup,"Pasecniks, Anzejs",13,2017-10-11,2018-01-16,16.9474358974359,11.076923076923077
eurocup,patterson lamar||eurocup,"Patterson, Lamar",13,2017-10-11,2018-01-17,29.484615384615385,15.384615384615385
eurocup,pauli oriol||eurocup,"Pauli,  Oriol",13,2017-10-11,2018-01-16,18.856410256410257,9.307692307692308
eurocup,paunic ivan||eurocup,"Paunic, Ivan",10,2017-10-10,2017-12-26,16.608333333333334,3.6
eurocup,pecarski marko||eurocup,"Pecarski, Marko",10,2017-10-11,2017-12-27,12.57,5.4
eurocup,peiners zanis||eurocup,"Peiners, Zanis",10,2017-10-11,2017-12-27,29.561666666666667,17.7
eurocup,peno stefan||eurocup,"Peno, Stefan",13,2017-10-11,2018-01-17,17.662820512820513,7.769230769230769
eurocup,perkovic toni||eurocup,"Perkovic, Toni",3,2017-12-27,2018-01-16,0.49444444444444446,0.0
eurocup,perperoglou stratos||eurocup,"Perperoglou, Stratos",10,2017-10-11,2017-12-27,23.858333333333334,7.9
eurocup,peterson travis||eurocup,"Peterson, Travis",13,2017-10-11,2018-01-17,23.307692307692307,10.615384615384615
eurocup,pietrus florent||eurocup,"Pietrus, Florent",4,2017-10-11,2017-10-31,14.529166666666667,1.75
eurocup,poeta giuseppe||eurocup,"Poeta, Giuseppe",13,2017-10-11,2018-01-17,14.124358974358975,4.769230769230769
eurocup,pongo marcell||eurocup,"Pongo, Marcell",3,2017-10-10,2017-12-27,4.016666666666667,2.3333333333333335
eurocup,ponkrashov anton||eurocup,"Ponkrashov, Anton",13,2017-10-11,2018-01-16,20.48205128205128,10.307692307692308
eurocup,popovic petar||eurocup,"Popovic, Petar",12,2017-10-11,2018-01-17,11.054166666666667,3.0
eurocup,preldzic emir||eurocup,"Preldzic, Emir",10,2017-10-11,2018-01-10,22.6,8.8
eurocup,prepelic klemen||eurocup,"Prepelic, Klemen",9,2017-10-11,2017-12-27,27.024074074074075,13.444444444444445
eurocup,qvale brian||eurocup,"Qvale, Brian",13,2017-10-11,2018-01-16,16.0025641025641,8.615384615384615
eurocup,rabaseda xavier||eurocup,"Rabaseda, Xavier",12,2017-10-11,2018-01-16,15.429166666666667,4.583333333333333
eurocup,radosavljevic bogdan||eurocup,"Radosavljevic, Bogdan",8,2017-10-18,2017-12-20,14.889583333333334,5.75
eurocup,ragland joe||eurocup,"Ragland, Joe",11,2017-10-11,2018-01-03,24.822727272727274,14.090909090909092
eurocup,ramljak ivan||eurocup,"Ramljak, Ivan",6,2017-11-01,2017-12-20,10.311111111111112,2.5
eurocup,redding reggie||eurocup,"Redding, Reggie",13,2017-10-11,2018-01-17,23.617948717948714,12.153846153846153
eurocup,redivo lucio||eurocup,"Redivo, Lucio",10,2017-10-11,2017-12-27,15.618333333333334,6.1
eurocup,renfroe alex||eurocup,"Renfroe, Alex",13,2017-10-11,2018-01-16,25.420512820512823,10.0
eurocup,reynolds jalen||eurocup,"Reynolds, Jalen",13,2017-10-11,2018-01-16,23.97179487179487,14.153846153846153
eurocup,reynolds scottie||eurocup,"Reynolds, Scottie",13,2017-10-11,2018-01-17,21.375641025641023,10.615384615384615
eurocup,rimsa tomas||eurocup,"Rimsa, Tomas",1,2017-10-25,2017-10-25,0.0,0.0
eurocup,roberson john||eurocup,"Roberson, John",13,2017-10-11,2018-01-17,26.393589743589743,17.76923076923077
eurocup,roberts ronald||eurocup,"Roberts, Ronald",4,2017-12-06,2017-12-27,20.76666666666667,11.0
eurocup,rohwer bjoern||eurocup,"Rohwer, Bjoern",6,2017-10-10,2017-12-06,1.8222222222222222,0.5
eurocup,roos maxime||eurocup,"Roos, Maxime",10,2017-10-11,2017-12-27,13.991666666666665,0.8
eurocup,saibou joshiko||eurocup,"Saibou, Joshiko",13,2017-10-11,2018-01-17,14.565384615384614,3.3076923076923075
eurocup,salgado javi||eurocup,"Salgado, Javi",6,2017-11-08,2017-12-27,14.952777777777778,6.333333333333333
eurocup,salic doko||eurocup,"Salic, Doko",10,2017-10-11,2017-12-27,19.473333333333333,7.7
eurocup,samuels samardo||eurocup,"Samuels, Samardo",2,2017-11-08,2017-11-14,22.208333333333336,13.0
eurocup,sane landing||eurocup,"Sane, Landing",11,2017-10-11,2018-01-02,15.05909090909091,5.818181818181818
eurocup,sant-roos  howard||eurocup,"Sant-Roos , Howard",13,2017-10-11,2018-01-17,28.955128205128208,17.23076923076923
eurocup,schneider tim||eurocup,"Schneider, Tim",12,2017-10-11,2018-01-17,13.081944444444444,2.8333333333333335
eurocup,seeley dennis||eurocup,"Seeley, Dennis",13,2017-10-11,2018-01-16,22.155128205128204,9.692307692307692
eurocup,sehovic sead||eurocup,"Sehovic, Sead",12,2017-10-17,2018-01-17,11.884722222222223,4.5
eurocup,sehovic suad||eurocup,"Sehovic, Suad",11,2017-10-11,2018-01-17,20.48939393939394,4.181818181818182
eurocup,sergeev pavel||eurocup,"Sergeev, Pavel",13,2017-10-11,2018-01-16,1.4833333333333334,-0.07692307692307693
eurocup,shields shavon||eurocup,"Shields, Shavon",12,2017-10-11,2018-01-17,23.994444444444444,10.833333333333334
eurocup,shukhovtcov grigory||eurocup,"Shukhovtcov, Grigory",9,2017-11-01,2018-01-16,2.072222222222222,0.6666666666666666
eurocup,shurna john||eurocup,"Shurna, John",10,2017-10-11,2017-12-27,20.261666666666667,6.4
eurocup,sikma luke||eurocup,"Sikma, Luke",13,2017-10-11,2018-01-17,26.303846153846152,17.923076923076923
eurocup,silins ojars||eurocup,"Silins, Ojars",11,2017-10-11,2018-01-17,19.11818181818182,4.454545454545454
eurocup,simonovic marko||eurocup,"Simonovic, Marko",12,2017-10-11,2018-01-17,23.95138888888889,6.916666666666667
eurocup,sirvydis deividas||eurocup,"Sirvydis, Deividas",2,2017-12-05,2017-12-13,2.55,-0.5
eurocup,siva  peyton||eurocup,"Siva , Peyton",12,2017-10-11,2018-01-17,19.795833333333334,13.166666666666666
eurocup,skucas zygimantas||eurocup,"Skucas, Zygimantas",10,2017-10-11,2017-12-27,9.790000000000001,2.6
eurocup,slaughter aj||eurocup,"Slaughter, Aj",13,2017-10-11,2018-01-17,24.306410256410256,8.384615384615385
eurocup,slavica nik||eurocup,"Slavica, Nik",11,2017-10-11,2018-01-16,3.166666666666667,0.0
eurocup,smith jamar||eurocup,"Smith, Jamar",13,2017-10-11,2018-01-16,31.43717948717949,11.384615384615385
eurocup,sow khadim||eurocup,"Sow, Khadim",2,2017-10-17,2017-10-25,1.75,0.5
eurocup,starovlah milic||eurocup,"Starovlah, Milic",13,2017-10-11,2018-01-17,5.9,0.46153846153846156
eurocup,stephens quinton||eurocup,"Stephens, Quinton",13,2017-10-11,2018-01-17,1.2948717948717947,-0.23076923076923078
eurocup,stevanovic andreja||eurocup,"Stevanovic, Andreja",8,2017-10-11,2017-12-19,10.804166666666667,0.25
eurocup,stevic oliver||eurocup,"Stevic, Oliver",10,2017-10-11,2017-12-27,18.101666666666667,9.2
eurocup,stipanovic andrija||eurocup,"Stipanovic, Andrija",13,2017-10-11,2018-01-16,24.11923076923077,10.0
eurocup,summers dajuan||eurocup,"Summers, Dajuan",13,2017-10-11,2018-01-16,23.797435897435896,8.153846153846153
eurocup,sutton dominique||eurocup,"Sutton, Dominique",12,2017-10-11,2018-01-17,28.10972222222222,19.0
eurocup,tabu jonathan||eurocup,"Tabu, Jonathan",7,2017-10-11,2017-12-27,23.173809523809524,7.571428571428571
eurocup,tadic tadija||eurocup,"Tadic, Tadija",7,2017-10-11,2017-12-19,0.7119047619047619,-0.42857142857142855
eurocup,talton gary||eurocup,"Talton, Gary",10,2017-10-11,2017-12-27,18.741666666666667,4.0
eurocup,tanaskovic nikola||eurocup,"Tanaskovic, Nikola",4,2017-12-05,2017-12-27,24.4875,5.0
eurocup,tarolis donatas||eurocup,"Tarolis, Donatas",10,2017-10-11,2017-12-27,8.59,3.4
eurocup,taylor jordan||eurocup,"Taylor, Jordan",9,2017-11-08,2018-01-16,15.892592592592592,5.444444444444445
eurocup,tchewa russel||eurocup,"Tchewa, Russel",4,2017-10-25,2017-11-15,0.0,0.0
eurocup,thomas devin robert||eurocup,"Thomas, Devin Robert",4,2017-12-05,2017-12-27,13.095833333333333,6.25
eurocup,thompson ryan||eurocup,"Thompson, Ryan",9,2017-10-10,2017-12-27,22.974074074074075,10.88888888888889
eurocup,timor bar||eurocup,"Timor, Bar",8,2017-10-11,2017-12-27,9.333333333333332,1.125
eurocup,todorovic dejan||eurocup,"Todorovic, Dejan",10,2017-10-11,2017-12-27,26.014999999999997,13.5
eurocup,tomas pere||eurocup,"Tomas, Pere",10,2017-10-11,2017-12-27,18.928333333333335,9.3
eurocup,tomic obrad||eurocup,"Tomic, Obrad",6,2017-10-11,2017-12-13,8.755555555555555,2.0
eurocup,topaloglu caner||eurocup,"Topaloglu, Caner",6,2017-11-08,2017-12-26,0.049999999999999996,-0.16666666666666666
eurocup,trushkin vladislav||eurocup,"Trushkin, Vladislav",13,2017-10-11,2018-01-16,9.975641025641027,4.153846153846154
eurocup,ukic roko||eurocup,"Ukic, Roko",11,2017-10-11,2018-01-16,25.26060606060606,11.0
eurocup,ulubay okben||eurocup,"Ulubay, Okben",13,2017-10-11,2018-01-17,10.606410256410255,2.6153846153846154
eurocup,valiev evgeny||eurocup,"Valiev, Evgeny",13,2017-10-11,2018-01-17,14.193589743589742,3.6923076923076925
eurocup,vargas akeem||eurocup,"Vargas, Akeem",13,2017-10-11,2018-01-17,16.128205128205128,6.230769230769231
eurocup,velickovic novica||eurocup,"Velickovic, Novica",7,2017-10-11,2017-12-27,15.34047619047619,8.285714285714286
eurocup,vikhrov artem||eurocup,"Vikhrov, Artem",13,2017-10-11,2018-01-17,6.707692307692308,0.3076923076923077
eurocup,voronov evgeny||eurocup,"Voronov, Evgeny",11,2017-10-18,2018-01-17,16.715151515151515,5.0
eurocup,vucetic vasilije||eurocup,"Vucetic, Vasilije",10,2017-10-11,2017-12-27,7.85,1.2
eurocup,vujacic sasha||eurocup,"Vujacic, Sasha",13,2017-10-11,2018-01-17,28.49102564102564,11.307692307692308
eurocup,walker david||eurocup,"Walker, David",10,2017-10-11,2017-12-27,22.056666666666665,5.3
eurocup,walker henry||eurocup,"Walker, Henry",3,2018-01-03,2018-01-16,19.794444444444444,3.6666666666666665
eurocup,ware gavin||eurocup,"Ware, Gavin",9,2017-10-11,2017-12-27,21.76851851851852,12.88888888888889
eurocup,washington deron||eurocup,"Washington, Deron",13,2017-10-11,2018-01-17,22.484615384615385,9.615384615384615
eurocup,watkins darryl||eurocup,"Watkins, Darryl",13,2017-10-11,2018-01-17,22.033333333333335,13.923076923076923
eurocup,white james||eurocup,"White, James",7,2017-12-06,2018-01-16,25.511904761904763,12.571428571428571
eurocup,whittington  shayne||eurocup,"Whittington , Shayne",4,2017-12-26,2018-01-17,11.541666666666666,-0.5
eurocup,wilbekin scottie||eurocup,"Wilbekin, Scottie",10,2017-10-11,2018-01-17,27.011666666666667,17.0
eurocup,williams lorenzo||eurocup,"Williams, Lorenzo",9,2017-10-11,2017-12-27,22.72037037037037,6.333333333333333
eurocup,williams-goss nigel||eurocup,"Williams-Goss, Nigel",10,2017-10-11,2017-12-27,27.181666666666665,18.1
eurocup,wright chris||eurocup,"Wright, Chris",5,2017-11-15,2018-01-10,17.75,6.6
eurocup,wright julian||eurocup,"Wright, Julian",13,2017-10-11,2018-01-16,24.246153846153845,11.692307692307692
eurocup,yagmur mehmet||eurocup,"Yagmur, Mehmet",9,2017-11-01,2018-01-16,13.101851851851853,1.8888888888888888
eurocup,yasar muhsin||eurocup,"Yasar, Muhsin",10,2017-10-10,2017-12-26,3.34,1.2
eurocup,zerbo frejus||eurocup,"Zerbo, Frejus",8,2017-10-11,2018-01-09,4.083333333333333,-0.625
eurocup,zganec karlo||eurocup,"Zganec, Karlo",13,2017-10-11,2018-01-16,13.578205128205127,9.0
eurocup,zirbes maik||eurocup,"Zirbes, Maik",13,2017-10-11,2018-01-17,14.342307692307692,5.384615384615385
euroleague,abalde alberto||euroleague,"Abalde, Alberto",16,2017-10-13,2018-01-18,15.121875,4.875
euroleague,abass awudu||euroleague,"Abass, Awudu",11,2017-10-12,2018-01-11,1.6909090909090911,0.18181818181818182
euroleague,adams josh||euroleague,"Adams, Josh",16,2017-10-12,2018-01-04,16.816666666666666,6.5625
euroleague,agravanis dimitris||euroleague,"Agravanis, Dimitris",8,2017-10-12,2017-11-17,11.34375,2.375
euroleague,anderson james||euroleague,"Anderson, James",19,2017-10-13,2018-01-18,24.883333333333336,8.947368421052632
euroleague,antetokounmpo thanasis||euroleague,"Antetokounmpo, Thanasis",19,2017-10-13,2018-01-19,10.82017543859649,4.052631578947368
euroleague,antic pero||euroleague,"Antic, Pero",15,2017-10-13,2018-01-16,17.874444444444446,7.0
euroleague,antonov semen||euroleague,"Antonov, Semen",18,2017-10-12,2018-01-19,12.943518518518518,3.7777777777777777
euroleague,apic dragan||euroleague,"Apic, Dragan",5,2017-11-02,2017-11-23,3.343333333333333,-0.4
euroleague,arlauskas martynas||euroleague,"Arlauskas, Martynas",7,2017-10-13,2017-12-28,1.9119047619047618,0.14285714285714285
euroleague,arna egehan||euroleague,"Arna, Egehan",4,2017-11-15,2018-01-11,0.0,0.0
euroleague,arsenopoulos nikolaos||euroleague,"Arsenopoulos, Nikolaos",3,2017-12-20,2017-12-28,0.0,0.0
euroleague,astapkovich anton||euroleague,"Astapkovich, Anton",1,2017-11-24,2017-11-24,0.0,0.0
euroleague,auguste zach||euroleague,"Auguste, Zach",19,2017-10-13,2018-01-19,3.8517543859649126,0.7894736842105263
euroleague,augustine james||euroleague,"Augustine, James",18,2017-10-12,2018-01-19,22.302777777777777,13.666666666666666
euroleague,ayon gustavo||euroleague,"Ayon, Gustavo",5,2017-10-12,2017-11-02,28.206666666666667,17.2
euroleague,balbay dogus||euroleague,"Balbay, Dogus",8,2017-10-12,2017-11-16,13.110416666666667,1.25
euroleague,batuk birkan||euroleague,"Batuk, Birkan",14,2017-11-03,2018-01-19,7.557142857142857,-0.5714285714285714
euroleague,beaubois rodrigue||euroleague,"Beaubois, Rodrigue",18,2017-10-19,2018-01-19,22.090740740740742,10.277777777777779
euroleague,bertans dairis||euroleague,"Bertans, Dairis",17,2017-10-12,2018-01-19,19.434313725490195,6.235294117647059
euroleague,bitim onuralp||euroleague,"Bitim, Onuralp",16,2017-10-12,2018-01-19,0.45625000000000004,0.125
euroleague,bjelica milko||euroleague,"Bjelica, Milko",19,2017-10-13,2018-01-18,27.445614035087722,10.052631578947368
euroleague,bogris georgios||euroleague,"Bogris, Georgios",17,2017-10-12,2018-01-18,5.776470588235294,0.6470588235294118
euroleague,bolden jonah||euroleague,"Bolden, Jonah",18,2017-10-12,2018-01-18,21.133333333333333,9.88888888888889
euroleague,bost dee||euroleague,"Bost, Dee",6,2017-11-09,2017-12-07,7.852777777777778,2.3333333333333335
euroleague,brooks jeff||euroleague,"Brooks, Jeff",17,2017-10-12,2018-01-19,22.20980392156863,10.235294117647058
euroleague,brown derrick||euroleague,"Brown, Derrick",9,2017-12-08,2018-01-19,21.955555555555556,6.777777777777778
euroleague,calathes nick||euroleague,"Calathes, Nick",16,2017-10-13,2018-01-19,28.33020833333333,18.75
euroleague,campazzo facundo||euroleague,"Campazzo, Facundo",19,2017-10-12,2018-01-19,23.385964912280702,8.736842105263158
euroleague,carroll jaycee||euroleague,"Carroll, Jaycee",19,2017-10-12,2018-01-19,14.127192982456142,5.578947368421052
euroleague,causeur fabien||euroleague,"Causeur, Fabien",19,2017-10-12,2018-01-19,18.937719298245614,6.157894736842105
euroleague,cinciarini andrea||euroleague,"Cinciarini, Andrea",16,2017-10-19,2018-01-19,8.794791666666667,3.625
euroleague,claver victor||euroleague,"Claver, Victor",15,2017-11-03,2018-01-18,12.376666666666667,3.466666666666667
euroleague,clyburn will||euroleague,"Clyburn, will",19,2017-10-12,2018-01-19,27.929824561403507,15.578947368421053
euroleague,cohen jake||euroleague,"Cohen, Jake",18,2017-10-12,2018-01-18,6.352777777777778,1.7777777777777777
euroleague,cole norris||euroleague,"Cole, Norris",17,2017-10-12,2018-01-18,24.469607843137254,12.529411764705882
euroleague,cusin marco||euroleague,"Cusin, Marco",14,2017-10-12,2018-01-17,1.8690476190476188,-0.14285714285714285
euroleague,dangubic nemanja||euroleague,"Dangubic, Nemanja",16,2017-10-13,2018-01-18,18.923958333333335,5.0625
euroleague,datome luigi||euroleague,"Datome, Luigi",19,2017-10-12,2018-01-19,25.75438596491228,10.68421052631579
euroleague,davidovac dejan||euroleague,"Davidovac, Dejan",15,2017-10-24,2018-01-18,11.49,5.466666666666667
euroleague,davies brandon||euroleague,"Davies, Brandon",19,2017-10-13,2018-01-18,14.784210526315789,7.2105263157894735
euroleague,de colo nando||euroleague,"De Colo, Nando",19,2017-10-12,2018-01-19,25.949122807017545,20.31578947368421
euroleague,delfino carlos||euroleague,"Delfino, Carlos",2,2017-10-12,2017-10-19,5.0,0.0
euroleague,demir berk||euroleague,"Demir, Berk",18,2017-10-12,2018-01-19,0.2111111111111111,0.05555555555555555
euroleague,denmon marcus||euroleague,"Denmon, Marcus",19,2017-10-13,2018-01-19,11.43421052631579,2.5789473684210527
euroleague,diaz alberto||euroleague,"Diaz, Alberto",19,2017-10-12,2018-01-19,17.74736842105263,2.1578947368421053
euroleague,dibartolomeo john||euroleague,"Dibartolomeo, John",19,2017-10-12,2018-01-18,13.62982456140351,3.3157894736842106
euroleague,diez daniel||euroleague,"Diez, Daniel",17,2017-10-12,2018-01-17,11.030392156862744,3.176470588235294
euroleague,diop ilimane||euroleague,"Diop, Ilimane",12,2017-10-12,2018-01-19,8.623611111111112,3.75
euroleague,dobric ognjen||euroleague,"Dobric, Ognjen",16,2017-10-13,2018-01-18,13.109375,6.0625
euroleague,doellman justin||euroleague,"Doellman, Justin",3,2017-10-20,2017-10-27,13.183333333333332,2.3333333333333335
euroleague,doncic luka||euroleague,"Doncic, Luka",19,2017-10-12,2018-01-19,25.587719298245617,24.05263157894737
euroleague,doornekamp aaron||euroleague,"Doornekamp, Aaron",19,2017-10-13,2018-01-18,23.637719298245614,8.789473684210526
euroleague,douglas toney||euroleague,"Douglas, Toney",3,2018-01-12,2018-01-19,21.433333333333337,17.0
euroleague,dragic zoran||euroleague,"Dragic, Zoran",11,2017-11-23,2018-01-19,26.665151515151514,8.181818181818182
euroleague,dubljevic bojan||euroleague,"Dubljevic, Bojan",16,2017-10-13,2018-01-18,19.734375,13.25
euroleague,dunston bryant||euroleague,"Dunston, Bryant",19,2017-10-12,2018-01-19,29.377192982456137,16.105263157894736
euroleague,duverioglu ahmet||euroleague,"Duverioglu, Ahmet",16,2017-10-12,2018-01-19,5.654166666666667,1.625
euroleague,ennis dylan||euroleague,"Ennis, Dylan",8,2017-12-15,2018-01-18,7.491666666666667,2.375
euroleague,feldeine james||euroleague,"Feldeine, James",19,2017-10-13,2018-01-18,25.511403508771927,10.842105263157896
euroleague,fernandez rudy||euroleague,"Fernandez, Rudy",15,2017-10-19,2018-01-19,18.97888888888889,10.6
euroleague,fontecchio simone||euroleague,"Fontecchio, Simone",3,2017-10-12,2017-11-30,0.6555555555555556,0.0
euroleague,fridzon vitaly||euroleague,"Fridzon, Vitaly",18,2017-10-12,2018-01-19,6.121296296296297,0.4444444444444444
euroleague,gabriel kenny||euroleague,"Gabriel, Kenny",19,2017-10-13,2018-01-19,10.700877192982455,1.6842105263157894
euroleague,garcia marc||euroleague,"Garcia, Marc",1,2017-10-13,2017-10-13,1.2333333333333334,7.0
euroleague,garcia sergi||euroleague,"Garcia, Sergi",1,2018-01-11,2018-01-11,17.716666666666665,9.0
euroleague,garino patricio||euroleague,"Garino, Patricio",9,2017-10-25,2018-01-19,8.82037037037037,-0.5555555555555556
euroleague,gavrilov alexander||euroleague,"Gavrilov, Alexander",1,2017-11-24,2017-11-24,0.0,0.0
euroleague,gill anthony||euroleague,"Gill, Anthony",17,2017-10-13,2018-01-18,23.707843137254905,10.470588235294118
euroleague,gist james||euroleague,"Gist, James",19,2017-10-13,2018-01-19,26.15438596491228,12.0
euroleague,gonzalez miguel||euroleague,"Gonzalez, Miguel",6,2017-11-23,2017-12-22,1.3166666666666667,0.16666666666666666
euroleague,goudelock andrew||euroleague,"Goudelock, Andrew",14,2017-10-12,2018-01-19,25.235714285714288,10.928571428571429
euroleague,granger jayson||euroleague,"Granger, Jayson",18,2017-10-12,2018-01-19,23.836111111111112,11.333333333333334
euroleague,green erick||euroleague,"Green, Erick",17,2017-10-13,2018-01-18,26.526470588235295,16.0
euroleague,gudaitis arturas||euroleague,"Gudaitis, Arturas",18,2017-10-12,2018-01-19,19.80740740740741,13.722222222222221
euroleague,guduric marko||euroleague,"Guduric, Marko",19,2017-10-12,2018-01-19,16.844736842105263,5.7368421052631575
euroleague,guler sinan||euroleague,"Guler, Sinan",19,2017-10-12,2018-01-19,2.375438596491228,0.47368421052631576
euroleague,hackett daniel||euroleague,"Hackett, Daniel",17,2017-10-12,2018-01-18,24.46666666666667,11.764705882352942
euroleague,hanga adam||euroleague,"Hanga, Adam",19,2017-10-13,2018-01-18,25.95175438596491,9.526315789473685
euroleague,heckmann patrick||euroleague,"Heckmann, Patrick",19,2017-10-12,2018-01-18,5.4526315789473685,0.5263157894736842
euroleague,hersek baris||euroleague,"Hersek, Baris",10,2017-10-12,2018-01-19,0.0,0.0
euroleague,heurtel thomas||euroleague,"Heurtel, Thomas",19,2017-10-13,2018-01-18,23.739473684210527,13.578947368421053
euroleague,hickman ricky||euroleague,"Hickman, Ricky",18,2017-10-12,2018-01-16,25.77777777777778,9.444444444444445
euroleague,higgins cory||euroleague,"Higgins, Cory",19,2017-10-12,2018-01-19,23.343859649122805,13.421052631578947
euroleague,hines kyle||euroleague,"Hines, Kyle",19,2017-10-12,2018-01-19,23.214912280701753,13.31578947368421
euroleague,hlinason tryggvi||euroleague,"Hlinason, Tryggvi",16,2017-10-13,2018-01-18,2.6166666666666667,1.5625
euroleague,honeycutt tyler||euroleague,"Honeycutt, Tyler",10,2017-11-30,2018-01-18,20.281666666666666,10.8
euroleague,huertas marcelinho||euroleague,"Huertas, Marcelinho",19,2017-10-12,2018-01-19,14.859649122807017,4.631578947368421
euroleague,hunter othello||euroleague,"Hunter, Othello",16,2017-10-12,2018-01-19,17.18125,9.4375
euroleague,jackson pierre||euroleague,"Jackson, Pierre",19,2017-10-12,2018-01-18,26.0859649122807,14.947368421052632
euroleague,jankovic stefan||euroleague,"Jankovic, Stefan",17,2017-10-13,2018-01-18,9.5,1.6470588235294117
euroleague,jankunas paulius||euroleague,"Jankunas, Paulius",19,2017-10-13,2018-01-18,23.369298245614033,14.894736842105264
euroleague,janning matt||euroleague,"Janning, Matt",19,2017-10-12,2018-01-19,22.326315789473682,6.368421052631579
euroleague,jefferson cory||euroleague,"Jefferson, Cory",15,2017-10-12,2017-12-29,9.967777777777778,1.4
euroleague,jenkins charles||euroleague,"Jenkins, Charles",19,2017-10-13,2018-01-18,20.562280701754386,3.3157894736842106
euroleague,jerrells curtis||euroleague,"Jerrells, Curtis",13,2017-11-15,2018-01-19,19.534615384615385,7.923076923076923
euroleague,jones kevin||euroleague,"Jones, Kevin",10,2017-11-30,2018-01-19,14.309999999999999,4.8
euroleague,jovanovic nikola||euroleague,"Jovanovic, Nikola",19,2017-10-13,2018-01-18,6.414912280701754,3.1052631578947367
euroleague,kalaitzakis georgios||euroleague,"Kalaitzakis, Georgios",1,2017-12-19,2017-12-19,0.36666666666666664,0.0
euroleague,kalinic nikola||euroleague,"Kalinic, Nikola",3,2017-12-14,2017-12-21,5.383333333333333,2.6666666666666665
euroleague,kalnietis mantas||euroleague,"Kalnietis, Mantas",19,2017-10-12,2018-01-19,16.969298245614038,5.315789473684211
euroleague,kane deandre||euroleague,"Kane, Deandre",19,2017-10-12,2018-01-18,20.801754385964912,7.7894736842105265
euroleague,kavaliauskas antanas||euroleague,"Kavaliauskas, Antanas",19,2017-10-13,2018-01-18,12.218421052631578,4.2105263157894735
euroleague,keselj marko||euroleague,"Keselj, Marko",3,2017-10-20,2017-11-17,8.522222222222222,-1.6666666666666667
euroleague,khryapa victor||euroleague,"Khryapa, Victor",18,2017-10-12,2018-01-19,4.529629629629629,1.1111111111111112
euroleague,koponen petteri||euroleague,"Koponen, Petteri",19,2017-10-13,2018-01-18,17.190350877192984,4.315789473684211
euroleague,korobkov pavel||euroleague,"Korobkov, Pavel",7,2017-12-07,2018-01-11,4.761904761904761,0.42857142857142855
euroleague,kulagin mikhail||euroleague,"Kulagin, Mikhail",10,2017-11-09,2018-01-19,3.4883333333333333,1.6
euroleague,kurbanov nikita||euroleague,"Kurbanov, Nikita",19,2017-10-12,2018-01-19,19.467543859649123,7.0
euroleague,kurucs rodions||euroleague,"Kurucs, Rodions",4,2017-10-20,2018-01-11,0.0,0.0
euroleague,kuzmic ognjen||euroleague,"Kuzmic, Ognjen",2,2017-10-12,2017-10-19,4.766666666666667,0.5
euroleague,kuzminskas mindaugas||euroleague,"Kuzminskas, Mindaugas",4,2018-01-05,2018-01-19,22.183333333333334,10.75
euroleague,lazarevic stefan||euroleague,"Lazarevic, Stefan",4,2017-10-13,2017-10-26,3.125,0.5
euroleague,lazic branko||euroleague,"Lazic, Branko",19,2017-10-13,2018-01-18,20.965789473684207,1.5789473684210527
euroleague,ledo ricky||euroleague,"Ledo, Ricky",13,2017-10-12,2018-01-04,20.984615384615385,5.6923076923076925
euroleague,lekavicius lukas||euroleague,"Lekavicius, Lukas",19,2017-10-13,2018-01-19,13.426315789473684,5.0
euroleague,lessort mathias||euroleague,"Lessort, Mathias",19,2017-10-13,2018-01-18,21.900877192982456,11.31578947368421
euroleague,lo maodo||euroleague,"Lo, Maodo",19,2017-10-12,2018-01-18,16.628947368421052,4.684210526315789
euroleague,lojeski matt||euroleague,"Lojeski, Matt",17,2017-10-13,2018-01-11,19.91176470588235,6.0588235294117645
euroleague,maciulis jonas||euroleague,"Maciulis, Jonas",19,2017-10-12,2018-01-19,13.333333333333332,2.473684210526316
euroleague,mahmutoglu melih||euroleague,"Mahmutoglu, Melih",18,2017-10-12,2018-01-19,5.342592592592592,0.3888888888888889
euroleague,makiev alan||euroleague,"Makiev, Alan",6,2017-11-03,2017-12-20,0.0,0.0
euroleague,malmanis rinalds||euroleague,"Malmanis, Rinalds",7,2017-11-02,2017-12-07,11.988095238095237,3.0
euroleague,mantzaris vangelis||euroleague,"Mantzaris, Vangelis",17,2017-10-12,2018-01-18,19.305882352941175,3.6470588235294117
euroleague,markovic stefan||euroleague,"Markovic, Stefan",18,2017-10-13,2018-01-18,23.074074074074073,8.166666666666666
euroleague,martinez ivan||euroleague,"Martinez, Ivan",7,2017-10-19,2017-12-29,0.0,0.0
euroleague,martinez rafa||euroleague,"Martinez, Rafa",18,2017-10-13,2018-01-18,14.403703703703703,5.277777777777778
euroleague,mashour karam||euroleague,"Mashour, Karam",11,2017-10-12,2018-01-18,3.25,0.36363636363636365
euroleague,masiulis gytis||euroleague,"Masiulis, Gytis",14,2017-10-13,2018-01-18,1.0285714285714287,0.5714285714285714
euroleague,mbaye amath||euroleague,"M'baye, Amath",19,2017-10-12,2018-01-19,18.22543859649123,4.526315789473684
euroleague,mccallum ray||euroleague,"Mccallum, Ray",19,2017-10-12,2018-01-19,22.893859649122806,8.210526315789474
euroleague,mccollum errick||euroleague,"Mccollum, Errick",19,2017-10-12,2018-01-19,24.699122807017545,12.052631578947368
euroleague,mcdowell-white william||euroleague,"Mcdowell-White, William",4,2017-12-07,2017-12-21,0.575,0.75
euroleague,mclean jamel||euroleague,"Mclean, Jamel",18,2017-10-12,2018-01-16,17.324074074074073,11.333333333333334
euroleague,mcrae jordan||euroleague,"Mcrae, Jordan",3,2017-10-27,2017-11-16,15.294444444444444,5.333333333333333
euroleague,melli nicolo||euroleague,"Melli, Nicolo",19,2017-10-12,2018-01-19,26.930701754385964,11.473684210526315
euroleague,micic vasilije||euroleague,"Micic, Vasilije",19,2017-10-13,2018-01-18,22.14122807017544,7.947368421052632
euroleague,micov vladimir||euroleague,"Micov, Vladimir",19,2017-10-12,2018-01-19,27.478947368421053,10.947368421052632
euroleague,milaknis arturas||euroleague,"Milaknis, Arturas",19,2017-10-13,2018-01-18,22.48157894736842,6.947368421052632
euroleague,milosavljevic dragan||euroleague,"Milosavljevic, Dragan",16,2017-10-12,2018-01-19,19.840625,5.4375
euroleague,milutinov nikola||euroleague,"Milutinov, Nikola",15,2017-10-12,2018-01-18,20.964444444444446,12.733333333333333
euroleague,mitoglou konstantinos||euroleague,"Mitoglou, Konstantinos",4,2017-12-21,2018-01-19,0.3041666666666667,-0.25
euroleague,mitrovic luka||euroleague,"Mitrovic, Luka",9,2017-10-12,2017-11-23,16.22037037037037,6.444444444444445
euroleague,moerman adrien||euroleague,"Moerman, Adrien",19,2017-10-13,2018-01-18,21.864912280701756,8.0
euroleague,monia sergey||euroleague,"Monia, Sergey",19,2017-10-13,2018-01-18,12.601754385964913,3.3684210526315788
euroleague,motum brock||euroleague,"Motum, Brock",19,2017-10-12,2018-01-19,16.917543859649122,6.368421052631579
euroleague,muhammed ali||euroleague,"Muhammed, Ali",11,2017-11-24,2018-01-19,8.41060606060606,2.727272727272727
euroleague,muric edo||euroleague,"Muric, Edo",10,2017-10-12,2017-12-15,11.575,-0.1
euroleague,musli dejan||euroleague,"Musli, Dejan",15,2017-10-12,2018-01-18,13.31,9.133333333333333
euroleague,mustafa muhaymin||euroleague,"Mustafa, Muhaymin",11,2017-10-12,2018-01-19,1.3757575757575757,-0.45454545454545453
euroleague,navarro juan carlos||euroleague,"Navarro, Juan Carlos",19,2017-10-13,2018-01-18,9.413157894736841,3.789473684210526
euroleague,nedovic nemanja||euroleague,"Nedovic, Nemanja",16,2017-10-12,2018-01-19,24.721875,14.4375
euroleague,nikolic aleksej||euroleague,"Nikolic, Aleksej",19,2017-10-12,2018-01-18,11.917543859649124,2.789473684210526
euroleague,nunnally james||euroleague,"Nunnally, James",16,2017-10-12,2018-01-05,21.99791666666667,10.6875
euroleague,okouo viny||euroleague,"Okouo, Viny",12,2017-10-20,2018-01-19,1.2486111111111111,0.08333333333333333
euroleague,olinde louis||euroleague,"Olinde, Louis",14,2017-10-12,2018-01-18,2.188095238095238,0.5
euroleague,oriola pierre||euroleague,"Oriola, Pierre",19,2017-10-13,2018-01-18,16.523684210526316,8.473684210526315
euroleague,pangos kevin||euroleague,"Pangos, Kevin",19,2017-10-13,2018-01-18,27.65701754385965,13.210526315789474
euroleague,papanikolaou kostas||euroleague,"Papanikolaou, Kostas",19,2017-10-12,2018-01-18,23.83859649122807,10.894736842105264
euroleague,papapetrou ioannis||euroleague,"Papapetrou, Ioannis",18,2017-10-12,2018-01-18,20.549074074074074,6.055555555555555
euroleague,pappas nikos||euroleague,"Pappas, Nikos",19,2017-10-13,2018-01-19,18.583333333333332,8.31578947368421
euroleague,parakhouski artsiom||euroleague,"Parakhouski, Artsiom",19,2017-10-12,2018-01-18,14.871929824561404,6.947368421052632
euroleague,pascolo davide||euroleague,"Pascolo, Davide",9,2017-11-09,2018-01-19,7.609259259259259,1.0
euroleague,pleiss tibor||euroleague,"Pleiss, Tibor",19,2017-10-13,2018-01-18,20.1640350877193,13.526315789473685
euroleague,poirier vincent||euroleague,"Poirier, Vincent",19,2017-10-12,2018-01-19,16.933333333333334,9.947368421052632
euroleague,pressey phil||euroleague,"Pressey, Phil",17,2017-10-13,2018-01-18,10.781372549019608,4.0588235294117645
euroleague,printezis georgios||euroleague,"Printezis, Georgios",16,2017-10-12,2018-01-18,24.838541666666668,13.0
euroleague,puerto josep||euroleague,"Puerto, Josep",13,2017-10-13,2018-01-18,0.9487179487179488,0.5384615384615384
euroleague,radicevic nikola||euroleague,"Radicevic, Nikola",15,2017-10-13,2018-01-18,7.406666666666666,1.1333333333333333
euroleague,radoncic dino||euroleague,"Radoncic, Dino",12,2017-10-24,2018-01-17,3.2472222222222222,-0.25
euroleague,radosevic leon||euroleague,"Radosevic, Leon",19,2017-10-12,2018-01-18,20.471929824561403,6.7894736842105265
euroleague,randle chasson||euroleague,"Randle, Chasson",19,2017-10-12,2018-01-19,4.376315789473685,0.8421052631578947
euroleague,randolph anthony||euroleague,"Randolph, Anthony",5,2017-10-12,2017-11-14,21.0,12.6
euroleague,reyes felipe||euroleague,"Reyes, Felipe",19,2017-10-12,2018-01-19,16.780701754385962,10.263157894736842
euroleague,ribas pau||euroleague,"Ribas, Pau",19,2017-10-13,2018-01-18,16.43245614035088,7.315789473684211
euroleague,rivers kc||euroleague,"Rivers, Kc",19,2017-10-13,2018-01-19,24.553508771929824,7.947368421052632
euroleague,roberts brian||euroleague,"Roberts, Brian",17,2017-10-20,2018-01-18,20.073529411764707,4.705882352941177
euroleague,robinson thomas||euroleague,"Robinson, Thomas",9,2017-10-13,2017-11-24,19.475925925925925,13.555555555555555
euroleague,rochestie taylor||euroleague,"Rochestie, Taylor",19,2017-10-13,2018-01-18,27.218421052631577,16.157894736842106
euroleague,rodriguez sergio||euroleague,"Rodriguez, Sergio",19,2017-10-12,2018-01-19,26.809649122807016,14.578947368421053
euroleague,roll michael||euroleague,"Roll, Michael",18,2017-10-12,2018-01-18,25.455555555555556,8.555555555555555
euroleague,rubit augustine||euroleague,"Rubit, Augustine",19,2017-10-12,2018-01-18,21.837719298245617,11.947368421052632
euroleague,rudez damjan||euroleague,"Rudez, Damjan",15,2017-11-02,2018-01-18,8.44888888888889,0.6666666666666666
euroleague,sajus martynas||euroleague,"Sajus, Martynas",8,2017-11-14,2018-01-18,1.9208333333333334,-0.25
euroleague,salin sasu||euroleague,"Salin, Sasu",18,2017-10-12,2018-01-19,14.675925925925927,3.5555555555555554
euroleague,san emeterio fernando||euroleague,"San Emeterio, Fernando",13,2017-11-02,2018-01-18,21.897435897435898,8.23076923076923
euroleague,sanders rakim||euroleague,"Sanders, Rakim",12,2017-11-03,2018-01-18,20.245833333333334,9.25
euroleague,sastre joan||euroleague,"Sastre, Joan",7,2017-10-13,2017-11-30,22.535714285714285,4.428571428571429
euroleague,saybir yigitcan||euroleague,"Saybir, Yigitcan",1,2017-10-25,2017-10-25,0.0,0.0
euroleague,segev itay||euroleague,"Segev, Itay",16,2017-10-12,2018-01-16,4.070833333333333,0.5625
euroleague,seraphin kevin||euroleague,"Seraphin, Kevin",16,2017-10-13,2018-01-04,19.010416666666668,11.6875
euroleague,shengelia tornike||euroleague,"Shengelia, Tornike",19,2017-10-12,2018-01-19,26.645614035087718,19.263157894736842
euroleague,shermadini giorgi||euroleague,"Shermadini, Giorgi",18,2017-10-12,2018-01-19,14.260185185185186,7.666666666666667
euroleague,shved alexey||euroleague,"Shved, Alexey",19,2017-10-13,2018-01-18,31.857894736842102,19.789473684210527
euroleague,simon krunoslav||euroleague,"Simon, Krunoslav",19,2017-10-12,2018-01-19,29.14122807017544,10.105263157894736
euroleague,singleton chris||euroleague,"Singleton, Chris",19,2017-10-13,2018-01-19,30.271052631578947,12.421052631578947
euroleague,sloukas kostas||euroleague,"Sloukas, Kostas",18,2017-10-12,2018-01-19,25.79259259259259,11.5
euroleague,sokolov dmitry||euroleague,"Sokolov, Dmitry",9,2017-11-14,2018-01-12,0.7185185185185186,0.1111111111111111
euroleague,soluade mo||euroleague,"Soluade, Mo",11,2017-10-27,2018-01-19,6.251515151515151,1.1818181818181819
euroleague,spanoulis vassilis||euroleague,"Spanoulis, Vassilis",9,2017-12-08,2018-01-18,23.516666666666666,9.666666666666666
euroleague,staiger lucca||euroleague,"Staiger, Lucca",19,2017-10-12,2018-01-18,7.278070175438597,2.736842105263158
euroleague,stimac vladimir||euroleague,"Stimac, Vladimir",19,2017-10-12,2018-01-19,21.480701754385965,16.105263157894736
euroleague,strelnieks janis||euroleague,"Strelnieks, Janis",19,2017-10-12,2018-01-18,22.063157894736843,8.052631578947368
euroleague,suarez carlos||euroleague,"Suarez, Carlos",19,2017-10-12,2018-01-19,18.264912280701754,8.789473684210526
euroleague,tarczewski kaleb||euroleague,"Tarczewski, Kaleb",19,2017-10-12,2018-01-19,20.691228070175438,12.473684210526315
euroleague,tavares walter||euroleague,"Tavares, Walter",13,2017-11-14,2018-01-19,18.587179487179487,12.0
euroleague,taylor bryce||euroleague,"Taylor, Bryce",10,2017-10-12,2017-11-30,23.904999999999998,5.0
euroleague,taylor jeffery||euroleague,"Taylor, Jeffery",17,2017-10-12,2018-01-19,20.95980392156863,4.9411764705882355
euroleague,theodore jordan||euroleague,"Theodore, Jordan",18,2017-10-12,2018-01-19,27.928703703703704,11.777777777777779
euroleague,thomas deshaun||euroleague,"Thomas, Deshaun",17,2017-10-12,2018-01-18,24.912745098039213,10.470588235294118
euroleague,thomas malcolm||euroleague,"Thomas, Malcolm",19,2017-10-13,2018-01-18,22.021929824561404,11.31578947368421
euroleague,thomas will||euroleague,"Thomas, will",19,2017-10-13,2018-01-18,22.319298245614036,7.157894736842105
euroleague,thompkins trey||euroleague,"Thompkins, Trey",14,2017-11-09,2018-01-19,24.814285714285713,11.5
euroleague,thompson hollis||euroleague,"Thompson, Hollis",19,2017-10-12,2018-01-18,17.63421052631579,6.684210526315789
euroleague,thompson jason||euroleague,"Thompson, Jason",19,2017-10-12,2018-01-19,17.232456140350877,7.157894736842105
euroleague,tillie kim||euroleague,"Tillie, Kim",1,2017-10-12,2017-10-12,0.0,0.0
euroleague,timma janis||euroleague,"Timma, Janis",19,2017-10-12,2018-01-19,24.94561403508772,7.894736842105263
euroleague,todorovic marko||euroleague,"Todorovic, Marko",18,2017-10-13,2018-01-18,7.860185185185184,1.6666666666666667
euroleague,toliopoulos vassilis||euroleague,"Toliopoulos, Vassilis",17,2017-10-12,2018-01-18,3.0215686274509803,0.7058823529411765
euroleague,tomic ante||euroleague,"Tomic, Ante",19,2017-10-13,2018-01-18,15.268421052631581,8.526315789473685
euroleague,toupane axel||euroleague,"Toupane, Axel",19,2017-10-13,2018-01-18,14.325438596491228,4.947368421052632
euroleague,tyus alex||euroleague,"Tyus, Alex",19,2017-10-12,2018-01-18,20.575438596491228,11.578947368421053
euroleague,udrih beno||euroleague,"Udrih, Beno",4,2018-01-05,2018-01-18,9.858333333333334,1.25
euroleague,ulanovas edgaras||euroleague,"Ulanovas, Edgaras",18,2017-10-13,2018-01-18,27.348148148148148,12.944444444444445
euroleague,valinskas paulius||euroleague,"Valinskas, Paulius",17,2017-10-13,2018-01-12,9.333333333333332,2.2941176470588234
euroleague,van rossom sam||euroleague,"Van Rossom, Sam",19,2017-10-13,2018-01-18,22.400000000000002,7.2105263157894735
euroleague,vesely jan||euroleague,"Vesely, Jan",18,2017-10-12,2018-01-19,28.740740740740744,17.27777777777778
euroleague,vezenkov sasha||euroleague,"Vezenkov, Sasha",11,2017-10-13,2018-01-18,9.21969696969697,4.181818181818182
euroleague,vialtsev egor||euroleague,"Vialtsev, Egor",19,2017-10-13,2018-01-18,7.269298245614036,1.4210526315789473
euroleague,vildoza luca||euroleague,"Vildoza, Luca",18,2017-10-12,2018-01-19,6.975,2.5
euroleague,vives guillem||euroleague,"Vives, Guillem",13,2017-10-13,2017-12-19,19.932051282051283,5.846153846153846
euroleague,voigtmann johannes||euroleague,"Voigtmann, Johannes",19,2017-10-12,2018-01-19,19.242105263157896,10.473684210526315
euroleague,vorontsevich andrey||euroleague,"Vorontsevich, Andrey",15,2017-10-12,2018-01-19,13.717777777777776,4.466666666666667
euroleague,vougioukas ian||euroleague,"Vougioukas, Ian",19,2017-10-13,2018-01-19,8.448245614035088,3.789473684210526
euroleague,waczynski adam||euroleague,"Waczynski, Adam",18,2017-10-12,2018-01-19,17.805555555555557,8.166666666666666
euroleague,wanamaker brad||euroleague,"Wanamaker, Brad",19,2017-10-12,2018-01-19,29.07982456140351,14.578947368421053
euroleague,westermann leo||euroleague,"Westermann, Leo",4,2017-10-12,2017-10-27,15.958333333333334,3.0
euroleague,white aaron||euroleague,"White, Aaron",19,2017-10-13,2018-01-18,23.25263157894737,9.736842105263158
euroleague,wiltjer kyle||euroleague,"Wiltjer, Kyle",13,2017-11-15,2018-01-18,9.830769230769231,3.6153846153846154
euroleague,wright dorell||euroleague,"Wright, Dorell",16,2017-10-27,2018-01-18,26.026041666666668,10.8125
euroleague,yusta santi||euroleague,"Yusta, Santi",12,2017-10-12,2018-01-19,7.198611111111112,2.8333333333333335
euroleague,zaytsev vyacheslav||euroleague,"Zaytsev, Vyacheslav",18,2017-10-13,2018-01-18,3.2916666666666665,0.1111111111111111
euroleague,zisis nikos||euroleague,"Zisis, Nikos",17,2017-10-12,2018-01-18,23.47254901960784,5.882352941176471
euroleague,zoosman yovel||euroleague,"Zoosman, Yovel",17,2017-10-19,2018-01-18,4.901960784313725,1.2352941176470589
euroleague,zubkov andrey||euroleague,"Zubkov, Andrey",15,2017-10-13,2018-01-18,8.773333333333333,2.4
