CombinID,Player,Position,Height,Date_birth,Nationality,Website_player
007969,"Ledo, Ricky",Guard,1.97,10/09/1992,United States,http://www.euroleague.net/competition/players/showplayer?pcode=007969&seasoncode=E2017
005216,"Mccollum, Errick",Guard,1.88,22/01/1988,United States,http://www.euroleague.net/competition/players/showplayer?pcode=005216&seasoncode=E2017
003521,"Balbay, Dogus",Guard,1.85,21/01/1989,Turkey,http://www.euroleague.net/competition/players/showplayer?pcode=003521&seasoncode=E2017
007929,"Bitim, Onuralp",Guard,1.96,31/03/1999,Turkey,http://www.euroleague.net/competition/players/showplayer?pcode=007929&seasoncode=E2017
004094,"Demir, Berk",Forward,2.04,18/05/1995,Turkey,http://www.euroleague.net/competition/players/showplayer?pcode=004094&seasoncode=E2017
006599,"Motum, Brock",Forward,2.08,16/10/1990,Australia,http://www.euroleague.net/competition/players/showplayer?pcode=006599&seasoncode=E2017
007872,"Adams, Josh",Guard,1.88,16/11/1993,United States,http://www.euroleague.net/competition/players/showplayer?pcode=007872&seasoncode=E2017
LBJ,"Stimac, Vladimir",Center,2.1,25/08/1987,Serbia,http://www.euroleague.net/competition/players/showplayer?pcode=LBJ&seasoncode=E2017
007991,"Mustafa, Muhaymin",Guard,1.96,10/02/1999,Turkey,http://www.euroleague.net/competition/players/showplayer?pcode=007991&seasoncode=E2017
003515,"Muric, Edo",Forward,2.02,27/11/1991,Slovenia,http://www.euroleague.net/competition/players/showplayer?pcode=003515&seasoncode=E2017
003048,"Dunston, Bryant",Center,2.03,28/05/1986,United States,http://www.euroleague.net/competition/players/showplayer?pcode=003048&seasoncode=E2017
CPR,"Simon, Krunoslav",Forward,1.97,24/06/1985,Croatia,http://www.euroleague.net/competition/players/showplayer?pcode=CPR&seasoncode=E2017
001392,"Causeur, Fabien",Forward,1.95,16/06/1987,France,http://www.euroleague.net/competition/players/showplayer?pcode=001392&seasoncode=E2017
008038,"Randle, Chasson",Guard,1.88,05/02/1993,United States,http://www.euroleague.net/competition/players/showplayer?pcode=008038&seasoncode=E2017
005757,"Randolph, Anthony",Center,2.11,15/07/1989,United States,http://www.euroleague.net/competition/players/showplayer?pcode=005757&seasoncode=E2017
005929,"Doncic, Luka",Guard,1.99,28/02/1999,Slovenia,http://www.euroleague.net/competition/players/showplayer?pcode=005929&seasoncode=E2017
JCC,"Maciulis, Jonas",Forward,1.98,10/02/1985,Lithuania,http://www.euroleague.net/competition/players/showplayer?pcode=JCC&seasoncode=E2017
AAX,"Reyes, Felipe",Forward,2.04,16/03/1980,Spain,http://www.euroleague.net/competition/players/showplayer?pcode=AAX&seasoncode=E2017
005928,"Campazzo, Facundo",Guard,1.79,23/03/1991,Argentina,http://www.euroleague.net/competition/players/showplayer?pcode=005928&seasoncode=E2017
005927,"Ayon, Gustavo",Center,2.08,01/04/1985,Mexico,http://www.euroleague.net/competition/players/showplayer?pcode=005927&seasoncode=E2017
005368,"Yusta, Santi",Forward,2.0,28/04/1997,Spain,http://www.euroleague.net/competition/players/showplayer?pcode=005368&seasoncode=E2017
001960,"Carroll, Jaycee",Guard,1.88,16/04/1983,United States,http://www.euroleague.net/competition/players/showplayer?pcode=001960&seasoncode=E2017
003479,"Kuzmic, Ognjen",Center,2.14,16/05/1990,Serbia,http://www.euroleague.net/competition/players/showplayer?pcode=003479&seasoncode=E2017
006546,"Taylor, Jeffery",Forward,2.01,23/05/1989,Sweden,http://www.euroleague.net/competition/players/showplayer?pcode=006546&seasoncode=E2017
001844,"Hackett, Daniel",Guard,1.97,19/12/1987,Italy,http://www.euroleague.net/competition/players/showplayer?pcode=001844&seasoncode=E2017
004159,"Hickman, Ricky",Guard,1.89,01/09/1985,United States,http://www.euroleague.net/competition/players/showplayer?pcode=004159&seasoncode=E2017
ABN,"Zisis, Nikos",Guard,1.97,16/08/1983,Greece,http://www.euroleague.net/competition/players/showplayer?pcode=ABN&seasoncode=E2017
003703,"Nikolic, Aleksej",Guard,1.91,21/02/1995,Slovenia,http://www.euroleague.net/competition/players/showplayer?pcode=003703&seasoncode=E2017
002506,"Staiger, Lucca",Guard,1.96,14/06/1988,Germany,http://www.euroleague.net/competition/players/showplayer?pcode=002506&seasoncode=E2017
002553,"Mitrovic, Luka",Forward,2.05,21/03/1993,Serbia,http://www.euroleague.net/competition/players/showplayer?pcode=002553&seasoncode=E2017
007032,"Lo, Maodo",Guard,1.91,31/12/1992,Germany,http://www.euroleague.net/competition/players/showplayer?pcode=007032&seasoncode=E2017
006919,"Olinde, Louis",Forward,2.05,19/03/1998,Germany,http://www.euroleague.net/competition/players/showplayer?pcode=006919&seasoncode=E2017
006477,"Rubit, Augustine",Forward,2.01,14/08/1989,United States,http://www.euroleague.net/competition/players/showplayer?pcode=006477&seasoncode=E2017
006420,"Heckmann, Patrick",Forward,1.98,27/02/1992,Germany,http://www.euroleague.net/competition/players/showplayer?pcode=006420&seasoncode=E2017
LEM,"Radosevic, Leon",Center,2.08,26/02/1990,Germany,http://www.euroleague.net/competition/players/showplayer?pcode=LEM&seasoncode=E2017
001988,"Taylor, Bryce",Guard,1.95,27/09/1986,United States,http://www.euroleague.net/competition/players/showplayer?pcode=001988&seasoncode=E2017
005094,"Thomas, Deshaun",Forward,2.01,29/08/1991,United States,http://www.euroleague.net/competition/players/showplayer?pcode=005094&seasoncode=E2017
008015,"Mashour, Karam",Forward,1.98,09/08/1991,Israel,http://www.euroleague.net/competition/players/showplayer?pcode=008015&seasoncode=E2017
004974,"Roll, Michael",Forward,1.98,12/04/1987,United States,http://www.euroleague.net/competition/players/showplayer?pcode=004974&seasoncode=E2017
005781,"Kane, Deandre",Guard,1.96,10/06/1989,United States,http://www.euroleague.net/competition/players/showplayer?pcode=005781&seasoncode=E2017
004119,"Tyus, Alex",Center,2.03,08/01/1988,Israel,http://www.euroleague.net/competition/players/showplayer?pcode=004119&seasoncode=E2017
007990,"Dibartolomeo, John",Guard,1.83,20/06/1991,Israel,http://www.euroleague.net/competition/players/showplayer?pcode=007990&seasoncode=E2017
005145,"Cohen, Jake",Center,2.1,25/09/1990,Israel,http://www.euroleague.net/competition/players/showplayer?pcode=005145&seasoncode=E2017
004161,"Segev, Itay",Forward,2.04,15/06/1995,Israel,http://www.euroleague.net/competition/players/showplayer?pcode=004161&seasoncode=E2017
007989,"Cole, Norris",Guard,1.88,13/10/1988,United States,http://www.euroleague.net/competition/players/showplayer?pcode=007989&seasoncode=E2017
007988,"Bolden, Jonah",Forward,2.08,02/01/1996,United States,http://www.euroleague.net/competition/players/showplayer?pcode=007988&seasoncode=E2017
003034,"Parakhouski, Artsiom",Center,2.11,06/10/1987,Belarus,http://www.euroleague.net/competition/players/showplayer?pcode=003034&seasoncode=E2017
005112,"Jackson, Pierre",Guard,1.8,29/08/1991,United States,http://www.euroleague.net/competition/players/showplayer?pcode=005112&seasoncode=E2017
002100,"Decolo, Nando",Guard,1.96,23/06/1987,France,http://www.euroleague.net/competition/players/showplayer?pcode=002100&seasoncode=E2017
LLH,"Fridzon, Vitaly",Guard,1.95,14/10/1985,Russia,http://www.euroleague.net/competition/players/showplayer?pcode=LLH&seasoncode=E2017
002543,"Westermann, Leo",Guard,1.98,24/07/1992,France,http://www.euroleague.net/competition/players/showplayer?pcode=002543&seasoncode=E2017
004941,"Antonov, Semen",Forward,2.02,18/07/1989,Russia,http://www.euroleague.net/competition/players/showplayer?pcode=004941&seasoncode=E2017
CVM,"Rodriguez, Sergio",Guard,1.91,12/06/1986,Spain,http://www.euroleague.net/competition/players/showplayer?pcode=CVM&seasoncode=E2017
LHI,"Vorontsevich, Andrey",Forward,2.07,17/07/1987,Russia,http://www.euroleague.net/competition/players/showplayer?pcode=LHI&seasoncode=E2017
004888,"Clyburn, will",Forward,2.01,17/05/1990,United States,http://www.euroleague.net/competition/players/showplayer?pcode=004888&seasoncode=E2017
006450,"Higgins, Cory",Guard,1.96,14/06/1989,United States,http://www.euroleague.net/competition/players/showplayer?pcode=006450&seasoncode=E2017
BCQ,"Khryapa, Victor",Forward,2.03,03/08/1982,Russia,http://www.euroleague.net/competition/players/showplayer?pcode=BCQ&seasoncode=E2017
JLX,"Kurbanov, Nikita",Forward,2.02,05/10/1986,Russia,http://www.euroleague.net/competition/players/showplayer?pcode=JLX&seasoncode=E2017
002812,"Hines, Kyle",Center,1.98,02/09/1986,United States,http://www.euroleague.net/competition/players/showplayer?pcode=002812&seasoncode=E2017
005160,"Hunter, Othello",Center,2.03,28/05/1986,United States,http://www.euroleague.net/competition/players/showplayer?pcode=005160&seasoncode=E2017
004903,"Goudelock, Andrew",Guard,1.91,07/12/1988,United States,http://www.euroleague.net/competition/players/showplayer?pcode=004903&seasoncode=E2017
000529,"Micov, Vladimir",Forward,2.01,16/04/1985,Serbia,http://www.euroleague.net/competition/players/showplayer?pcode=000529&seasoncode=E2017
JBX,"Kalnietis, Mantas",Guard,1.95,06/09/1986,Lithuania,http://www.euroleague.net/competition/players/showplayer?pcode=JBX&seasoncode=E2017
004499,"Fontecchio, Simone",Guard,2.03,09/12/1995,Italy,http://www.euroleague.net/competition/players/showplayer?pcode=004499&seasoncode=E2017
008004,"Tarczewski, Kaleb",Center,2.13,26/02/1993,United States,http://www.euroleague.net/competition/players/showplayer?pcode=008004&seasoncode=E2017
BTG,"Cusin, Marco",Center,2.11,28/02/1985,Italy,http://www.euroleague.net/competition/players/showplayer?pcode=BTG&seasoncode=E2017
003527,"Abass, Awudu",Guard,1.98,27/01/1993,Italy,http://www.euroleague.net/competition/players/showplayer?pcode=003527&seasoncode=E2017
007993,"M&#39;baye, Amath",Forward,2.06,14/12/1989,France,http://www.euroleague.net/competition/players/showplayer?pcode=007993&seasoncode=E2017
007946,"Theodore, Jordan",Guard,1.83,11/12/1989,United States,http://www.euroleague.net/competition/players/showplayer?pcode=007946&seasoncode=E2017
007992,"Jefferson, Cory",Center,2.06,26/12/1990,United States,http://www.euroleague.net/competition/players/showplayer?pcode=007992&seasoncode=E2017
000436,"Bertans, Dairis",Guard,1.92,09/09/1989,Latvia,http://www.euroleague.net/competition/players/showplayer?pcode=000436&seasoncode=E2017
003120,"Gudaitis, Arturas",Center,2.08,19/06/1993,Lithuania,http://www.euroleague.net/competition/players/showplayer?pcode=003120&seasoncode=E2017
004418,"Mclean, Jamel",Center,2.03,18/04/1988,United States,http://www.euroleague.net/competition/players/showplayer?pcode=004418&seasoncode=E2017
004292,"Toliopoulos, Vassilis",Guard,1.88,15/06/1996,Greece,http://www.euroleague.net/competition/players/showplayer?pcode=004292&seasoncode=E2017
005161,"Papapetrou, Ioannis",Forward,2.07,30/03/1994,Greece,http://www.euroleague.net/competition/players/showplayer?pcode=005161&seasoncode=E2017
004429,"Agravanis, Dimitris",Forward,2.08,20/12/1994,Greece,http://www.euroleague.net/competition/players/showplayer?pcode=004429&seasoncode=E2017
003941,"Milutinov, Nikola",Center,2.13,30/12/1994,Serbia,http://www.euroleague.net/competition/players/showplayer?pcode=003941&seasoncode=E2017
000046,"Strelnieks, Janis",Guard,1.91,01/09/1989,Latvia,http://www.euroleague.net/competition/players/showplayer?pcode=000046&seasoncode=E2017
002744,"Tillie, Kim",Forward,2.1,15/07/1988,France,http://www.euroleague.net/competition/players/showplayer?pcode=002744&seasoncode=E2017
AMM,"Printezis, Georgios",Forward,2.05,22/02/1985,Greece,http://www.euroleague.net/competition/players/showplayer?pcode=AMM&seasoncode=E2017
001255,"Papanikolaou, Kostas",Forward,2.04,31/07/1990,Greece,http://www.euroleague.net/competition/players/showplayer?pcode=001255&seasoncode=E2017
003537,"Mantzaris, Vangelis",Guard,1.94,16/04/1990,Greece,http://www.euroleague.net/competition/players/showplayer?pcode=003537&seasoncode=E2017
001933,"Bogris, Georgios",Center,2.1,19/02/1989,Greece,http://www.euroleague.net/competition/players/showplayer?pcode=001933&seasoncode=E2017
008014,"Thompson, Hollis",Forward,2.03,03/04/1991,United States,http://www.euroleague.net/competition/players/showplayer?pcode=008014&seasoncode=E2017
007947,"Vildoza, Luca",Guard,1.91,11/08/1995,Italy,http://www.euroleague.net/competition/players/showplayer?pcode=007947&seasoncode=E2017
005718,"Timma, Janis",Forward,2.01,02/07/1992,Latvia,http://www.euroleague.net/competition/players/showplayer?pcode=005718&seasoncode=E2017
007201,"Voigtmann, Johannes",Center,2.14,30/09/1992,Germany,http://www.euroleague.net/competition/players/showplayer?pcode=007201&seasoncode=E2017
JUJ,"Huertas, Marcelinho",Guard,1.9,25/05/1983,Italy,http://www.euroleague.net/competition/players/showplayer?pcode=JUJ&seasoncode=E2017
004165,"Janning, Matt",Guard,1.93,22/06/1988,United States,http://www.euroleague.net/competition/players/showplayer?pcode=004165&seasoncode=E2017
003540,"Diop, Ilimane",Center,2.11,04/04/1995,Spain,http://www.euroleague.net/competition/players/showplayer?pcode=003540&seasoncode=E2017
003024,"Granger, Jayson",Guard,1.89,15/09/1989,Italy,http://www.euroleague.net/competition/players/showplayer?pcode=003024&seasoncode=E2017
004887,"Poirier, Vincent",Center,2.13,17/10/1993,France,http://www.euroleague.net/competition/players/showplayer?pcode=004887&seasoncode=E2017
001133,"Shengelia, Tornike",Center,2.03,05/10/1991,Georgia,http://www.euroleague.net/competition/players/showplayer?pcode=001133&seasoncode=E2017
BCV,"Delfino, Carlos",Forward,1.98,29/08/1982,Italy,http://www.euroleague.net/competition/players/showplayer?pcode=BCV&seasoncode=E2017
008002,"Mccallum, Ray",Guard,1.9,12/06/1991,United States,http://www.euroleague.net/competition/players/showplayer?pcode=008002&seasoncode=E2017
004213,"Diaz, Alberto",Guard,1.88,23/04/1994,Spain,http://www.euroleague.net/competition/players/showplayer?pcode=004213&seasoncode=E2017
002820,"Salin, Sasu",Guard,1.91,11/06/1991,Finland,http://www.euroleague.net/competition/players/showplayer?pcode=002820&seasoncode=E2017
003198,"Diez, Daniel",Forward,2.01,07/04/1993,Spain,http://www.euroleague.net/competition/players/showplayer?pcode=003198&seasoncode=E2017
002822,"Milosavljevic, Dragan",Guard,1.96,11/05/1989,Serbia,http://www.euroleague.net/competition/players/showplayer?pcode=002822&seasoncode=E2017
000848,"Nedovic, Nemanja",Guard,1.91,16/06/1991,Serbia,http://www.euroleague.net/competition/players/showplayer?pcode=000848&seasoncode=E2017
001386,"Shermadini, Giorgi",Center,2.17,02/04/1989,Georgia,http://www.euroleague.net/competition/players/showplayer?pcode=001386&seasoncode=E2017
LDX,"Waczynski, Adam",Forward,1.99,15/10/1989,Poland,http://www.euroleague.net/competition/players/showplayer?pcode=LDX&seasoncode=E2017
004117,"Brooks, Jeff",Forward,2.03,12/06/1989,United States,http://www.euroleague.net/competition/players/showplayer?pcode=004117&seasoncode=E2017
001438,"Augustine, James",Center,2.08,27/02/1984,United States,http://www.euroleague.net/competition/players/showplayer?pcode=001438&seasoncode=E2017
JJS,"Suarez, Carlos",Forward,2.03,23/05/1986,Spain,http://www.euroleague.net/competition/players/showplayer?pcode=JJS&seasoncode=E2017
LUR,"Musli, Dejan",Center,2.13,03/01/1991,Serbia,http://www.euroleague.net/competition/players/showplayer?pcode=LUR&seasoncode=E2017
007998,"Thompson, Jason",Center,2.11,21/07/1986,United States,http://www.euroleague.net/competition/players/showplayer?pcode=007998&seasoncode=E2017
002849,"Melli, Nicolo",Forward,2.05,26/01/1991,Italy,http://www.euroleague.net/competition/players/showplayer?pcode=002849&seasoncode=E2017
LIM,"Hersek, Baris",Forward,2.08,26/03/1988,Turkey,http://www.euroleague.net/competition/players/showplayer?pcode=LIM&seasoncode=E2017
002969,"Mahmutoglu, Melih",Guard,1.91,12/05/1990,Turkey,http://www.euroleague.net/competition/players/showplayer?pcode=002969&seasoncode=E2017
005838,"Wanamaker, Brad",Guard,1.93,25/07/1989,United States,http://www.euroleague.net/competition/players/showplayer?pcode=005838&seasoncode=E2017
001926,"Sloukas, Kostas",Guard,1.9,15/01/1990,Greece,http://www.euroleague.net/competition/players/showplayer?pcode=001926&seasoncode=E2017
007400,"Nunnally, James",Forward,2.01,14/07/1990,United States,http://www.euroleague.net/competition/players/showplayer?pcode=007400&seasoncode=E2017
004004,"Guduric, Marko",Guard,1.96,08/03/1995,Serbia,http://www.euroleague.net/competition/players/showplayer?pcode=004004&seasoncode=E2017
000925,"Vesely, Jan",Center,2.13,24/04/1990,Czech Rep.,http://www.euroleague.net/competition/players/showplayer?pcode=000925&seasoncode=E2017
000494,"Guler, Sinan",Guard,1.92,08/11/1983,Turkey,http://www.euroleague.net/competition/players/showplayer?pcode=000494&seasoncode=E2017
006399,"Duverioglu, Ahmet",Center,2.09,04/03/1993,Turkey,http://www.euroleague.net/competition/players/showplayer?pcode=006399&seasoncode=E2017
CCD,"Datome, Luigi",Forward,2.03,27/11/1987,Italy,http://www.euroleague.net/competition/players/showplayer?pcode=CCD&seasoncode=E2017
001948,"Seraphin, Kevin",Center,2.08,07/12/1989,France,http://www.euroleague.net/competition/players/showplayer?pcode=001948&seasoncode=E2017
JUG,"Ribas, Pau",Guard,1.94,02/03/1987,Spain,http://www.euroleague.net/competition/players/showplayer?pcode=JUG&seasoncode=E2017
004535,"Garcia, Marc",Guard,1.96,07/03/1996,Spain,http://www.euroleague.net/competition/players/showplayer?pcode=004535&seasoncode=E2017
007997,"Pressey, Phil",Guard,1.8,17/02/1991,United States,http://www.euroleague.net/competition/players/showplayer?pcode=007997&seasoncode=E2017
005099,"Hanga, Adam",Forward,2.01,12/04/1989,Hungary,http://www.euroleague.net/competition/players/showplayer?pcode=005099&seasoncode=E2017
ADI,"Navarro, Juancarlos",Guard,1.92,13/06/1980,Spain,http://www.euroleague.net/competition/players/showplayer?pcode=ADI&seasoncode=E2017
KLT,"Heurtel, Thomas",Guard,1.89,10/04/1989,France,http://www.euroleague.net/competition/players/showplayer?pcode=KLT&seasoncode=E2017
003469,"Vezenkov, Sasha",Forward,2.06,06/08/1995,Bulgaria,http://www.euroleague.net/competition/players/showplayer?pcode=003469&seasoncode=E2017
005917,"Oriola, Pierre",Center,2.08,25/09/1992,Spain,http://www.euroleague.net/competition/players/showplayer?pcode=005917&seasoncode=E2017
004178,"Koponen, Petteri",Guard,1.94,13/04/1988,Finland,http://www.euroleague.net/competition/players/showplayer?pcode=004178&seasoncode=E2017
002507,"Tomic, Ante",Center,2.17,17/02/1987,Croatia,http://www.euroleague.net/competition/players/showplayer?pcode=002507&seasoncode=E2017
001833,"Moerman, Adrien",Forward,2.01,07/08/1988,France,http://www.euroleague.net/competition/players/showplayer?pcode=001833&seasoncode=E2017
006614,"Singleton, Chris",Center,2.06,21/11/1989,United States,http://www.euroleague.net/competition/players/showplayer?pcode=006614&seasoncode=E2017
002429,"Rivers, Kc",Forward,1.96,01/03/1987,United States,http://www.euroleague.net/competition/players/showplayer?pcode=002429&seasoncode=E2017
000464,"Pappas, Nikos",Guard,1.95,11/07/1990,Greece,http://www.euroleague.net/competition/players/showplayer?pcode=000464&seasoncode=E2017
004195,"Denmon, Marcus",Guard,1.91,20/03/1990,United States,http://www.euroleague.net/competition/players/showplayer?pcode=004195&seasoncode=E2017
002980,"Gist, James",Forward,2.06,26/10/1986,United States,http://www.euroleague.net/competition/players/showplayer?pcode=002980&seasoncode=E2017
TFX,"Vougioukas, Ian",Center,2.11,31/05/1985,Greece,http://www.euroleague.net/competition/players/showplayer?pcode=TFX&seasoncode=E2017
003210,"Lekavicius, Lukas",Guard,1.83,30/03/1994,Lithuania,http://www.euroleague.net/competition/players/showplayer?pcode=003210&seasoncode=E2017
005881,"Gabriel, Kenny",Forward,2.05,03/07/1989,United States,http://www.euroleague.net/competition/players/showplayer?pcode=005881&seasoncode=E2017
007948,"Auguste, Zach",Center,2.08,08/07/1993,Greece,http://www.euroleague.net/competition/players/showplayer?pcode=007948&seasoncode=E2017
003608,"Lojeski, Matt",Guard,1.98,24/07/1985,Belgium,http://www.euroleague.net/competition/players/showplayer?pcode=003608&seasoncode=E2017
001932,"Calathes, Nick",Guard,1.98,07/02/1989,Greece,http://www.euroleague.net/competition/players/showplayer?pcode=001932&seasoncode=E2017
007865,"Antetokounmpo, Thanasis",Forward,2.01,18/07/1992,Greece,http://www.euroleague.net/competition/players/showplayer?pcode=007865&seasoncode=E2017
008003,"Robinson, Thomas",Center,2.08,17/03/1991,United States,http://www.euroleague.net/competition/players/showplayer?pcode=008003&seasoncode=E2017
KVZ,"Shved, Alexey",Guard,1.98,16/12/1988,Russia,http://www.euroleague.net/competition/players/showplayer?pcode=KVZ&seasoncode=E2017
BGV,"Vialtsev, Egor",Forward,1.93,10/10/1985,Russia,http://www.euroleague.net/competition/players/showplayer?pcode=BGV&seasoncode=E2017
001792,"Zaytsev, Vyacheslav",Guard,1.9,28/08/1989,Russia,http://www.euroleague.net/competition/players/showplayer?pcode=001792&seasoncode=E2017
LME,"Markovic, Stefan",Guard,1.98,25/04/1988,Serbia,http://www.euroleague.net/competition/players/showplayer?pcode=LME&seasoncode=E2017
BFX,"Monia, Sergey",Forward,2.02,15/04/1983,Russia,http://www.euroleague.net/competition/players/showplayer?pcode=BFX&seasoncode=E2017
008001,"Gill, Anthony",Forward,2.04,17/10/1992,United States,http://www.euroleague.net/competition/players/showplayer?pcode=008001&seasoncode=E2017
001612,"Todorovic, Marko",Center,2.1,19/04/1992,Montenegro,http://www.euroleague.net/competition/players/showplayer?pcode=001612&seasoncode=E2017
003573,"Zubkov, Andrey",Forward,2.06,29/06/1991,Russia,http://www.euroleague.net/competition/players/showplayer?pcode=003573&seasoncode=E2017
005938,"Anderson, James",Guard,1.98,25/03/1989,United States,http://www.euroleague.net/competition/players/showplayer?pcode=005938&seasoncode=E2017
005014,"Jenkins, Charles",Guard,1.91,28/02/1989,United States,http://www.euroleague.net/competition/players/showplayer?pcode=005014&seasoncode=E2017
004251,"Thomas, Malcolm",Center,2.06,08/11/1988,United States,http://www.euroleague.net/competition/players/showplayer?pcode=004251&seasoncode=E2017
005856,"Thomas, will",Forward,2.03,01/07/1986,Georgia,http://www.euroleague.net/competition/players/showplayer?pcode=005856&seasoncode=E2017
006643,"Puerto, Josep",Forward,2.0,08/03/1999,Spain,http://www.euroleague.net/competition/players/showplayer?pcode=006643&seasoncode=E2017
003733,"Abalde, Alberto",Forward,2.02,15/12/1995,Spain,http://www.euroleague.net/competition/players/showplayer?pcode=003733&seasoncode=E2017
LRQ,"Vanrossom, Sam",Guard,1.88,03/06/1986,Belgium,http://www.euroleague.net/competition/players/showplayer?pcode=LRQ&seasoncode=E2017
002742,"Dubljevic, Bojan",Center,2.05,24/10/1991,Montenegro,http://www.euroleague.net/competition/players/showplayer?pcode=002742&seasoncode=E2017
002361,"Vives, Guillem",Guard,1.92,16/06/1993,Spain,http://www.euroleague.net/competition/players/showplayer?pcode=002361&seasoncode=E2017
001351,"Martinez, Rafa",Guard,1.9,03/03/1982,Spain,http://www.euroleague.net/competition/players/showplayer?pcode=001351&seasoncode=E2017
LHK,"Pleiss, Tibor",Center,2.18,02/11/1989,Germany,http://www.euroleague.net/competition/players/showplayer?pcode=LHK&seasoncode=E2017
002936,"Sastre, Joan",Forward,2.01,10/12/1991,Spain,http://www.euroleague.net/competition/players/showplayer?pcode=002936&seasoncode=E2017
005159,"Green, Erick",Guard,1.9,09/05/1992,United States,http://www.euroleague.net/competition/players/showplayer?pcode=005159&seasoncode=E2017
002763,"Doornekamp, Aaron",Forward,2.01,05/12/1985,Netherlands,http://www.euroleague.net/competition/players/showplayer?pcode=002763&seasoncode=E2017
008041,"Hlinason, Tryggvi",Center,2.15,28/10/1997,Iceland,http://www.euroleague.net/competition/players/showplayer?pcode=008041&seasoncode=E2017
007870,"Davies, Brandon",Center,2.08,25/07/1991,United States,http://www.euroleague.net/competition/players/showplayer?pcode=007870&seasoncode=E2017
006433,"Pangos, Kevin",Guard,1.88,26/01/1993,Slovenia,http://www.euroleague.net/competition/players/showplayer?pcode=006433&seasoncode=E2017
002582,"Toupane, Axel",Forward,2.01,23/07/1992,France,http://www.euroleague.net/competition/players/showplayer?pcode=002582&seasoncode=E2017
BWI,"Jankunas, Paulius",Forward,2.05,29/04/1984,Lithuania,http://www.euroleague.net/competition/players/showplayer?pcode=BWI&seasoncode=E2017
006183,"Masiulis, Gytis",Forward,2.06,10/04/1998,Lithuania,http://www.euroleague.net/competition/players/showplayer?pcode=006183&seasoncode=E2017
KPD,"Milaknis, Arturas",Guard,1.95,16/06/1986,Lithuania,http://www.euroleague.net/competition/players/showplayer?pcode=KPD&seasoncode=E2017
002580,"Micic, Vasilije",Guard,1.95,13/01/1994,Serbia,http://www.euroleague.net/competition/players/showplayer?pcode=002580&seasoncode=E2017
007516,"Arlauskas, Martynas",Guard,1.99,10/07/2000,Lithuania,http://www.euroleague.net/competition/players/showplayer?pcode=007516&seasoncode=E2017
006505,"White, Aaron",Forward,2.06,10/09/1992,United States,http://www.euroleague.net/competition/players/showplayer?pcode=006505&seasoncode=E2017
000399,"Kavaliauskas, Antanas",Center,2.08,19/09/1984,Lithuania,http://www.euroleague.net/competition/players/showplayer?pcode=000399&seasoncode=E2017
004664,"Valinskas, Paulius",Guard,1.91,09/12/1995,Lithuania,http://www.euroleague.net/competition/players/showplayer?pcode=004664&seasoncode=E2017
002329,"Ulanovas, Edgaras",Forward,1.98,07/01/1992,Lithuania,http://www.euroleague.net/competition/players/showplayer?pcode=002329&seasoncode=E2017
002561,"Radicevic, Nikola",Guard,1.94,25/04/1994,Serbia,http://www.euroleague.net/competition/players/showplayer?pcode=002561&seasoncode=E2017
005942,"Dangubic, Nemanja",Forward,2.04,13/04/1993,Serbia,http://www.euroleague.net/competition/players/showplayer?pcode=005942&seasoncode=E2017
LUO,"Lazic, Branko",Guard,1.95,12/01/1989,Serbia,http://www.euroleague.net/competition/players/showplayer?pcode=LUO&seasoncode=E2017
004720,"Lazarevic, Stefan",Guard,1.98,20/08/1996,Serbia,http://www.euroleague.net/competition/players/showplayer?pcode=004720&seasoncode=E2017
BAE,"Antic, Pero",Center,2.11,29/07/1982,Serbia,http://www.euroleague.net/competition/players/showplayer?pcode=BAE&seasoncode=E2017
004007,"Dobric, Ognjen",Guard,2.0,27/10/1994,Serbia,http://www.euroleague.net/competition/players/showplayer?pcode=004007&seasoncode=E2017
005918,"Feldeine, James",Guard,1.93,26/06/1988,United States,http://www.euroleague.net/competition/players/showplayer?pcode=005918&seasoncode=E2017
007961,"Jankovic, Stefan",Center,2.11,04/08/1993,Serbia,http://www.euroleague.net/competition/players/showplayer?pcode=007961&seasoncode=E2017
002972,"Rochestie, Taylor",Guard,1.86,01/07/1985,United States,http://www.euroleague.net/competition/players/showplayer?pcode=002972&seasoncode=E2017
003842,"Lessort, Mathias",Center,2.06,29/09/1995,France,http://www.euroleague.net/competition/players/showplayer?pcode=003842&seasoncode=E2017
003264,"Jovanovic, Nikola",Forward,2.11,06/01/1994,Serbia,http://www.euroleague.net/competition/players/showplayer?pcode=003264&seasoncode=E2017
CHX,"Bjelica, Milko",Center,2.07,04/06/1984,Serbia,http://www.euroleague.net/competition/players/showplayer?pcode=CHX&seasoncode=E2017
000577,"Keselj, Marko",Forward,2.08,02/01/1988,Serbia,http://www.euroleague.net/competition/players/showplayer?pcode=000577&seasoncode=E2017
005713,"Kurucs, Rodions",Forward,2.06,05/02/1998,Latvia,http://www.euroleague.net/competition/players/showplayer?pcode=005713&seasoncode=E2017
KIW,"Cinciarini, Andrea",Guard,1.93,21/06/1986,Italy,http://www.euroleague.net/competition/players/showplayer?pcode=KIW&seasoncode=E2017
006625,"Zoosman, Yovel",Guard,2.0,12/05/1998,Israel,http://www.euroleague.net/competition/players/showplayer?pcode=006625&seasoncode=E2017
006590,"Beaubois, Rodrigue",Forward,1.9,24/04/1988,France,http://www.euroleague.net/competition/players/showplayer?pcode=006590&seasoncode=E2017
007995,"Martinez, Ivan",Forward,1.92,02/03/1990,Spain,http://www.euroleague.net/competition/players/showplayer?pcode=007995&seasoncode=E2017
BMT,"Fernandez, Rudy",Forward,1.96,04/04/1985,Spain,http://www.euroleague.net/competition/players/showplayer?pcode=BMT&seasoncode=E2017
002091,"Roberts, Brian",Guard,1.88,03/12/1985,United States,http://www.euroleague.net/competition/players/showplayer?pcode=002091&seasoncode=E2017
005363,"Okouo, Viny",Center,2.14,10/04/1997,Congo (Brazzaville),http://www.euroleague.net/competition/players/showplayer?pcode=005363&seasoncode=E2017
001832,"Doellman, Justin",Forward,2.06,03/02/1985,United States,http://www.euroleague.net/competition/players/showplayer?pcode=001832&seasoncode=E2017
007960,"Davidovac, Dejan",Forward,2.02,17/01/1995,Serbia,http://www.euroleague.net/competition/players/showplayer?pcode=007960&seasoncode=E2017
006543,"Radoncic, Dino",Forward,2.02,08/01/1999,Montenegro,http://www.euroleague.net/competition/players/showplayer?pcode=006543&seasoncode=E2017
007994,"Garino, Patricio",Forward,2.01,17/05/1993,Italy,http://www.euroleague.net/competition/players/showplayer?pcode=007994&seasoncode=E2017
006693,"Saybir, Yigitcan",Forward,1.98,27/02/1999,Turkey,http://www.euroleague.net/competition/players/showplayer?pcode=006693&seasoncode=E2017
008049,"Wright, Dorell",Forward,2.06,02/12/1985,United States,http://www.euroleague.net/competition/players/showplayer?pcode=008049&seasoncode=E2017
007996,"Mcrae, Jordan",Forward,1.98,28/03/1991,United States,http://www.euroleague.net/competition/players/showplayer?pcode=007996&seasoncode=E2017
004479,"Soluade, Mo",Guard,1.96,12/07/1995,United Kingdom,http://www.euroleague.net/competition/players/showplayer?pcode=004479&seasoncode=E2017
003945,"Apic, Dragan",Forward,2.06,03/10/1995,Serbia,http://www.euroleague.net/competition/players/showplayer?pcode=003945&seasoncode=E2017
006357,"Makiev, Alan",Center,2.1,20/03/1991,Russia,http://www.euroleague.net/competition/players/showplayer?pcode=006357&seasoncode=E2017
JZH,"Rudez, Damjan",Center,2.03,17/06/1986,Croatia,http://www.euroleague.net/competition/players/showplayer?pcode=JZH&seasoncode=E2017
000518,"Sanemeterio, Fernando",Forward,1.99,01/01/1984,Spain,http://www.euroleague.net/competition/players/showplayer?pcode=000518&seasoncode=E2017
004170,"Batuk, Birkan",Forward,1.96,30/01/1990,Turkey,http://www.euroleague.net/competition/players/showplayer?pcode=004170&seasoncode=E2017
004185,"Malmanis, Rinalds",Center,2.05,12/04/1996,Latvia,http://www.euroleague.net/competition/players/showplayer?pcode=004185&seasoncode=E2017
005001,"Sanders, Rakim",Forward,1.96,08/07/1989,United States,http://www.euroleague.net/competition/players/showplayer?pcode=005001&seasoncode=E2017
000556,"Claver, Victor",Forward,2.07,30/08/1988,Spain,http://www.euroleague.net/competition/players/showplayer?pcode=000556&seasoncode=E2017
002276,"Kulagin, Mikhail",Guard,1.91,04/08/1994,Russia,http://www.euroleague.net/competition/players/showplayer?pcode=002276&seasoncode=E2017
006385,"Pascolo, Davide",Forward,2.03,14/12/1990,Italy,http://www.euroleague.net/competition/players/showplayer?pcode=006385&seasoncode=E2017
004264,"Bost, Dee",Guard,1.88,12/10/1989,United States,http://www.euroleague.net/competition/players/showplayer?pcode=004264&seasoncode=E2017
005836,"Thompkins, Trey",Forward,2.08,29/05/1990,United States,http://www.euroleague.net/competition/players/showplayer?pcode=005836&seasoncode=E2017
005791,"Tavares, Walter",Center,2.2,22/03/1992,Cape Verde,http://www.euroleague.net/competition/players/showplayer?pcode=005791&seasoncode=E2017
LTF,"Sokolov, Dmitry",Center,2.14,21/01/1985,Russia,http://www.euroleague.net/competition/players/showplayer?pcode=LTF&seasoncode=E2017
005519,"Sajus, Martynas",Center,2.08,22/02/1996,Lithuania,http://www.euroleague.net/competition/players/showplayer?pcode=005519&seasoncode=E2017
005348,"Arna, Egehan",Forward,2.03,05/01/1997,Turkey,http://www.euroleague.net/competition/players/showplayer?pcode=005348&seasoncode=E2017
008052,"Wiltjer, Kyle",Forward,2.08,20/10/1992,Canada,http://www.euroleague.net/competition/players/showplayer?pcode=008052&seasoncode=E2017
003067,"Jerrells, Curtis",Guard,1.85,05/02/1987,United States,http://www.euroleague.net/competition/players/showplayer?pcode=003067&seasoncode=E2017
008032,"Gonzalez, Miguel",Forward,2.01,20/03/1999,Spain,http://www.euroleague.net/competition/players/showplayer?pcode=008032&seasoncode=E2017
003514,"Dragic, Zoran",Forward,1.96,22/06/1989,Slovenia,http://www.euroleague.net/competition/players/showplayer?pcode=003514&seasoncode=E2017
001324,"Muhammed, Ali",Guard,1.78,10/04/1983,United States,http://www.euroleague.net/competition/players/showplayer?pcode=001324&seasoncode=E2017
005961,"Astapkovich, Anton",Forward,2.02,29/01/1994,Russia,http://www.euroleague.net/competition/players/showplayer?pcode=005961&seasoncode=E2017
004624,"Gavrilov, Alexander",Guard,1.93,10/04/1996,Russia,http://www.euroleague.net/competition/players/showplayer?pcode=004624&seasoncode=E2017
007185,"Jones, Kevin",Center,2.03,25/08/1989,United States,http://www.euroleague.net/competition/players/showplayer?pcode=007185&seasoncode=E2017
005800,"Honeycutt, Tyler",Forward,2.03,15/07/1990,United States,http://www.euroleague.net/competition/players/showplayer?pcode=005800&seasoncode=E2017
008062,"Mcdowell-White, William",Guard,1.95,13/04/1998,Australia,http://www.euroleague.net/competition/players/showplayer?pcode=008062&seasoncode=E2017
003571,"Korobkov, Pavel",Forward,2.06,18/10/1990,Russia,http://www.euroleague.net/competition/players/showplayer?pcode=003571&seasoncode=E2017
004425,"Brown, Derrick",Forward,2.03,08/09/1987,United States,http://www.euroleague.net/competition/players/showplayer?pcode=004425&seasoncode=E2017
JUO,"Spanoulis, Vassilis",Guard,1.93,07/08/1982,Greece,http://www.euroleague.net/competition/players/showplayer?pcode=JUO&seasoncode=E2017
004866,"Kalinic, Nikola",Forward,2.02,08/11/1991,Serbia,http://www.euroleague.net/competition/players/showplayer?pcode=004866&seasoncode=E2017
008066,"Ennis, Dylan",Guard,1.88,26/12/1991,Canada,http://www.euroleague.net/competition/players/showplayer?pcode=008066&seasoncode=E2017
006586,"Kalaitzakis, Georgios",Guard,1.95,02/01/1999,Greece,http://www.euroleague.net/competition/players/showplayer?pcode=006586&seasoncode=E2017
008025,"Arsenopoulos, Nikolaos",Guard,1.95,19/05/2000,Greece,http://www.euroleague.net/competition/players/showplayer?pcode=008025&seasoncode=E2017
007866,"Mitoglou, Konstantinos",Forward,2.1,11/06/1996,Greece,http://www.euroleague.net/competition/players/showplayer?pcode=007866&seasoncode=E2017
AGP,"Udrih, Beno",Guard,1.91,05/07/1982,Slovenia,http://www.euroleague.net/competition/players/showplayer?pcode=AGP&seasoncode=E2017
002008,"Kuzminskas, Mindaugas",Forward,2.05,19/10/1989,Lithuania,http://www.euroleague.net/competition/players/showplayer?pcode=002008&seasoncode=E2017
008152,"Douglas, Toney",Guard,1.88,16/03/1986,United States,http://www.euroleague.net/competition/players/showplayer?pcode=008152&seasoncode=E2017
005458,"Garcia, Sergi",Guard,1.89,17/02/1997,Spain,http://www.euroleague.net/competition/players/showplayer?pcode=005458&seasoncode=E2017
